pipeline,sample_id,analysis_severity,intended_level,status,visible_joint_ratio_body12,mean_bone_length,relaxed_JAF_invalid_percent
SAM-3DBody,synthetic_c2/case_01_MansoryBrickLaying_00/000/none,none,none,ok,1.0,0.2811379978912374,0.0
SAM-3DBody,synthetic_c2/case_01_MansoryBrickLaying_00/005/none,none,none,ok,1.0,0.281914717483979,0.0
SAM-3DBody,synthetic_c2/case_01_MansoryBrickLaying_00/010/none,none,none,ok,1.0,0.2822850209629758,0.0
SAM-3DBody,synthetic_c2/case_01_MansoryBrickLaying_00/015/none,none,none,ok,1.0,0.2814685195162767,0.0
SAM-3DBody,synthetic_c2/case_01_MansoryBrickLaying_00/020/none,none,none,ok,1.0,0.28098265432200564,0.0
SAM-3DBody,synthetic_c2/case_01_MansoryBrickLaying_00/025/none,none,none,ok,1.0,0.28028323116960985,0.0
SAM-3DBody,synthetic_c2/case_01_MansoryBrickLaying_00/030/none,none,none,ok,1.0,0.27999680524672954,0.0
SAM-3DBody,synthetic_c2/case_01_MansoryBrickLaying_00/035/none,none,none,ok,1.0,0.28011048094841257,0.0
SAM-3DBody,synthetic_c2/case_01_MansoryBrickLaying_00/040/none,none,none,ok,1.0,0.28259486220803115,0.0
SAM-3DBody,synthetic_c2/case_02_MansoryBrickLaying_01/000/none,none,none,ok,1.0,0.27982406240657204,0.0
SAM-3DBody,synthetic_c2/case_02_MansoryBrickLaying_01/002/none,none,none,ok,1.0,0.2805072094810264,0.0
SAM-3DBody,synthetic_c2/case_02_MansoryBrickLaying_01/005/partial,none,partial,ok,1.0,0.2807540740065558,0.0
SAM-3DBody,synthetic_c2/case_02_MansoryBrickLaying_01/008/partial,none,partial,ok,1.0,0.2821469979160307,0.0
SAM-3DBody,synthetic_c2/case_02_MansoryBrickLaying_01/011/none,none,none,ok,1.0,0.27878980417958404,0.0
SAM-3DBody,synthetic_c2/case_02_MansoryBrickLaying_01/014/none,none,none,ok,1.0,0.2792664681661632,0.0
SAM-3DBody,synthetic_c2/case_02_MansoryBrickLaying_01/018/none,none,none,ok,1.0,0.27997209379640475,0.0
SAM-3DBody,synthetic_c2/case_02_MansoryBrickLaying_01/021/none,none,none,ok,1.0,0.28215379995193934,0.0
SAM-3DBody,synthetic_c2/case_02_MansoryBrickLaying_01/024/none,none,none,ok,1.0,0.2874783951230551,0.0
SAM-3DBody,synthetic_c2/case_02_MansoryBrickLaying_01/028/none,none,none,ok,1.0,0.2817516688864769,0.0
SAM-3DBody,synthetic_c2/case_02_MansoryBrickLaying_01/033/none,none,none,ok,1.0,0.27885574416395603,0.0
SAM-3DBody,synthetic_c2/case_02_MansoryBrickLaying_01/038/none,none,none,ok,1.0,0.27665088300413293,0.0
SAM-3DBody,synthetic_c2/case_02_MansoryBrickLaying_01/043/none,none,none,ok,1.0,0.2694988549616247,0.0
SAM-3DBody,synthetic_c2/case_03_MansoryBrickLaying_02/001/partial,none,partial,ok,1.0,0.28210983345420393,0.0
SAM-3DBody,synthetic_c2/case_03_MansoryBrickLaying_02/004/none,none,none,ok,1.0,0.2806162984901945,0.0
SAM-3DBody,synthetic_c2/case_03_MansoryBrickLaying_02/007/none,none,none,ok,1.0,0.28155889407176604,0.0
SAM-3DBody,synthetic_c2/case_03_MansoryBrickLaying_02/010/none,none,none,ok,1.0,0.28153073853375504,0.0
SAM-3DBody,synthetic_c2/case_03_MansoryBrickLaying_02/013/none,none,none,ok,1.0,0.2813300738101168,0.0
SAM-3DBody,synthetic_c2/case_03_MansoryBrickLaying_02/016/none,none,none,ok,1.0,0.2823950602441878,0.0
SAM-3DBody,synthetic_c2/case_03_MansoryBrickLaying_02/018/partial,none,partial,ok,0.917,0.2794731035005999,0.0
SAM-3DBody,synthetic_c2/case_03_MansoryBrickLaying_02/021/none,none,none,ok,1.0,0.28109776737056974,0.0
SAM-3DBody,synthetic_c2/case_03_MansoryBrickLaying_02/023/none,none,none,ok,1.0,0.2802603960156305,0.0
SAM-3DBody,synthetic_c2/case_03_MansoryBrickLaying_02/025/partial,none,partial,ok,0.917,0.2799296651182051,0.0
SAM-3DBody,synthetic_c2/case_03_MansoryBrickLaying_02/029/none,none,none,ok,1.0,0.28029168278339744,0.0
SAM-3DBody,synthetic_c2/case_03_MansoryBrickLaying_02/033/none,none,none,ok,1.0,0.2801781244388717,0.0
SAM-3DBody,synthetic_c2/case_03_MansoryBrickLaying_02/038/none,none,none,ok,1.0,0.2767002571000078,0.0
SAM-3DBody,synthetic_c2/case_03_MansoryBrickLaying_02/043/none,none,none,ok,1.0,0.27558826113157453,0.0
SAM-3DBody,synthetic_c2/case_04_MansoryCement_02/003/none,none,none,ok,1.0,0.27971046696081775,0.0
SAM-3DBody,synthetic_c2/case_04_MansoryCement_02/008/none,none,none,ok,1.0,0.27950033360057963,0.0
SAM-3DBody,synthetic_c2/case_04_MansoryCement_02/013/none,none,none,ok,1.0,0.2771710803507159,0.0
SAM-3DBody,synthetic_c2/case_04_MansoryCement_02/018/none,none,none,ok,1.0,0.27709173760618544,0.0
SAM-3DBody,synthetic_c2/case_04_MansoryCement_02/023/none,none,none,ok,1.0,0.27672033085492537,0.0
SAM-3DBody,synthetic_c2/case_04_MansoryCement_02/028/none,none,none,ok,1.0,0.27907429164385095,0.0
SAM-3DBody,synthetic_c2/case_04_MansoryCement_02/033/none,none,none,ok,1.0,0.2791412771008386,0.0
SAM-3DBody,synthetic_c2/case_04_MansoryCement_02/038/none,none,none,ok,1.0,0.280152513121602,0.0
SAM-3DBody,synthetic_c2/case_04_MansoryCement_02/043/none,none,none,ok,1.0,0.27908299964203,0.0
SAM-3DBody,synthetic_c2/case_05_RebarPlacement_00/001/partial,none,partial,ok,0.917,0.2781402533541099,0.0
SAM-3DBody,synthetic_c2/case_05_RebarPlacement_00/005/none,none,none,ok,1.0,0.2778866522216372,0.0
SAM-3DBody,synthetic_c2/case_05_RebarPlacement_00/007/partial,none,partial,ok,0.917,0.28156115792498676,0.0
SAM-3DBody,synthetic_c2/case_05_RebarPlacement_00/010/none,none,none,ok,1.0,0.2810662431436773,0.0
SAM-3DBody,synthetic_c2/case_05_RebarPlacement_00/012/partial,none,partial,ok,1.0,0.28212044892618404,0.0
SAM-3DBody,synthetic_c2/case_05_RebarPlacement_00/014/partial,none,partial,ok,1.0,0.2836975840098478,0.0
SAM-3DBody,synthetic_c2/case_05_RebarPlacement_00/017/none,none,none,ok,1.0,0.2821008859940788,0.0
SAM-3DBody,synthetic_c2/case_05_RebarPlacement_00/019/partial,none,partial,ok,1.0,0.28414449892706145,0.0
SAM-3DBody,synthetic_c2/case_05_RebarPlacement_00/022/none,none,none,ok,1.0,0.2822874080327163,0.0
SAM-3DBody,synthetic_c2/case_05_RebarPlacement_00/025/partial,none,partial,ok,0.917,0.283107248118949,0.0
SAM-3DBody,synthetic_c2/case_05_RebarPlacement_00/028/none,none,none,ok,1.0,0.27943471841294304,0.0
SAM-3DBody,synthetic_c2/case_05_RebarPlacement_00/030/partial,none,partial,ok,0.917,0.2845161865538142,0.0
SAM-3DBody,synthetic_c2/case_05_RebarPlacement_00/033/none,none,none,ok,1.0,0.2821529556031288,0.0
SAM-3DBody,synthetic_c2/case_05_RebarPlacement_00/035/partial,none,partial,ok,0.917,0.28538111395830223,0.0
SAM-3DBody,synthetic_c2/case_05_RebarPlacement_00/038/none,none,none,ok,1.0,0.28406701835444514,0.0
SAM-3DBody,synthetic_c2/case_05_RebarPlacement_00/040/partial,none,partial,ok,0.917,0.28839798814264395,0.0
SAM-3DBody,synthetic_c2/case_05_RebarPlacement_00/043/none,none,none,ok,1.0,0.28548441767407307,0.0
SAM-3DBody,synthetic_c2/case_06_RebarTying_01/001/none,none,none,ok,1.0,0.285961600769881,0.0
SAM-3DBody,synthetic_c2/case_06_RebarTying_01/006/none,none,none,ok,1.0,0.284256366959899,0.0
SAM-3DBody,synthetic_c2/case_06_RebarTying_01/009/none,none,none,ok,1.0,0.2857508640079093,0.0
SAM-3DBody,synthetic_c2/case_06_RebarTying_01/012/none,none,none,ok,1.0,0.2850763438502747,0.0
SAM-3DBody,synthetic_c2/case_06_RebarTying_01/015/partial,none,partial,ok,0.917,0.2830452653782479,0.0
SAM-3DBody,synthetic_c2/case_06_RebarTying_01/019/none,none,none,ok,1.0,0.2853973762097973,0.0
SAM-3DBody,synthetic_c2/case_06_RebarTying_01/023/none,none,none,ok,1.0,0.28499553052621407,0.0
SAM-3DBody,synthetic_c2/case_06_RebarTying_01/028/none,none,none,ok,1.0,0.2868933477656368,0.0
SAM-3DBody,synthetic_c2/case_06_RebarTying_01/031/partial,none,partial,ok,0.917,0.2860323152701265,0.0
SAM-3DBody,synthetic_c2/case_06_RebarTying_01/035/none,none,none,ok,1.0,0.28730334582761113,0.0
SAM-3DBody,synthetic_c2/case_06_RebarTying_01/038/none,none,none,ok,1.0,0.2872652020949663,0.0
SAM-3DBody,synthetic_c2/case_06_RebarTying_01/043/none,none,none,ok,1.0,0.28530351374064916,0.0
SAM-3DBody,synthetic_c2/case_07_RebarTying_02/003/none,none,none,ok,1.0,0.28265224034802144,16.666666666666664
SAM-3DBody,synthetic_c2/case_07_RebarTying_02/009/none,none,none,ok,0.917,0.28279443958897804,16.666666666666664
SAM-3DBody,synthetic_c2/case_07_RebarTying_02/014/none,none,none,ok,0.917,0.28215674308892935,16.666666666666664
SAM-3DBody,synthetic_c2/case_07_RebarTying_02/019/none,none,none,ok,1.0,0.2818436707738813,16.666666666666664
SAM-3DBody,synthetic_c2/case_07_RebarTying_02/024/none,none,none,ok,0.917,0.2823057348101684,16.666666666666664
SAM-3DBody,synthetic_c2/case_07_RebarTying_02/030/none,none,none,ok,1.0,0.2830077819501995,16.666666666666664
SAM-3DBody,synthetic_c2/case_07_RebarTying_02/039/none,none,none,ok,0.917,0.2824688510088087,16.666666666666664
SAM-3DBody,synthetic_c2/case_07_RebarTying_02/044/none,none,none,ok,1.0,0.2844567368723014,16.666666666666664
SAM-3DBody,synthetic_c2/case_08_WallPlacement_00/002/none,none,none,ok,1.0,0.2886236687366923,0.0
SAM-3DBody,synthetic_c2/case_08_WallPlacement_00/004/partial,none,partial,ok,0.917,0.2884415412561059,0.0
SAM-3DBody,synthetic_c2/case_08_WallPlacement_00/007/none,none,none,ok,1.0,0.28833940459298707,0.0
SAM-3DBody,synthetic_c2/case_08_WallPlacement_00/009/partial,none,partial,ok,0.917,0.28913959720609067,0.0
SAM-3DBody,synthetic_c2/case_08_WallPlacement_00/012/none,none,none,ok,1.0,0.289276534200721,0.0
SAM-3DBody,synthetic_c2/case_08_WallPlacement_00/015/none,none,none,ok,1.0,0.2905647778830932,0.0
SAM-3DBody,synthetic_c2/case_08_WallPlacement_00/017/partial,none,partial,ok,1.0,0.2893439960050411,0.0
SAM-3DBody,synthetic_c2/case_08_WallPlacement_00/020/none,none,none,ok,1.0,0.2903420118225416,0.0
SAM-3DBody,synthetic_c2/case_08_WallPlacement_00/022/none,none,none,ok,1.0,0.2899541771305876,0.0
SAM-3DBody,synthetic_c2/case_08_WallPlacement_00/024/partial,none,partial,ok,0.917,0.2887635590460076,0.0
SAM-3DBody,synthetic_c2/case_08_WallPlacement_00/027/none,none,none,ok,1.0,0.2886320947578071,0.0
SAM-3DBody,synthetic_c2/case_08_WallPlacement_00/029/partial,none,partial,ok,0.917,0.2876850059483733,0.0
SAM-3DBody,synthetic_c2/case_08_WallPlacement_00/032/none,none,none,ok,1.0,0.2885370956728226,0.0
SAM-3DBody,synthetic_c2/case_08_WallPlacement_00/034/partial,none,partial,ok,0.917,0.28888738259907687,0.0
SAM-3DBody,synthetic_c2/case_08_WallPlacement_00/037/none,none,none,ok,1.0,0.2893836399344776,0.0
SAM-3DBody,synthetic_c2/case_08_WallPlacement_00/039/partial,none,partial,ok,1.0,0.28991014585608127,0.0
SAM-3DBody,synthetic_c2/case_08_WallPlacement_00/042/none,none,none,ok,1.0,0.2893337128534992,0.0
SAM-3DBody,synthetic_c2/case_08_WallPlacement_00/044/partial,none,partial,ok,0.917,0.2893358477566135,0.0
SAM-3DBody,synthetic_c2/case_01_MansoryBrickLaying_00/000/partial,partial,partial,ok,0.667,0.27928658783477717,0.0
SAM-3DBody,synthetic_c2/case_01_MansoryBrickLaying_00/002/partial,partial,partial,ok,0.667,0.2835227238292812,0.0
SAM-3DBody,synthetic_c2/case_01_MansoryBrickLaying_00/004/partial,partial,partial,ok,0.583,0.2805595616116027,0.0
SAM-3DBody,synthetic_c2/case_01_MansoryBrickLaying_00/006/partial,partial,partial,ok,0.667,0.278295996633726,0.0
SAM-3DBody,synthetic_c2/case_01_MansoryBrickLaying_00/007/partial,partial,partial,ok,0.667,0.2778136243605824,0.0
SAM-3DBody,synthetic_c2/case_01_MansoryBrickLaying_00/009/partial,partial,partial,ok,0.667,0.2765739976157383,0.0
SAM-3DBody,synthetic_c2/case_01_MansoryBrickLaying_00/011/partial,partial,partial,ok,0.667,0.27944448700735697,0.0
SAM-3DBody,synthetic_c2/case_01_MansoryBrickLaying_00/013/partial,partial,partial,ok,0.667,0.2779283216053666,0.0
SAM-3DBody,synthetic_c2/case_01_MansoryBrickLaying_00/015/partial,partial,partial,ok,0.667,0.27740127421393007,0.0
SAM-3DBody,synthetic_c2/case_01_MansoryBrickLaying_00/017/partial,partial,partial,ok,0.667,0.27678419166912527,0.0
SAM-3DBody,synthetic_c2/case_01_MansoryBrickLaying_00/018/partial,partial,partial,ok,0.667,0.2770689973354173,0.0
SAM-3DBody,synthetic_c2/case_01_MansoryBrickLaying_00/020/partial,partial,partial,ok,0.667,0.2770898464582151,0.0
SAM-3DBody,synthetic_c2/case_01_MansoryBrickLaying_00/022/partial,partial,partial,ok,0.667,0.2769453663215741,0.0
SAM-3DBody,synthetic_c2/case_01_MansoryBrickLaying_00/024/partial,partial,partial,ok,0.667,0.27525653246133663,0.0
SAM-3DBody,synthetic_c2/case_01_MansoryBrickLaying_00/026/partial,partial,partial,ok,0.667,0.27512355875632055,0.0
SAM-3DBody,synthetic_c2/case_01_MansoryBrickLaying_00/028/partial,partial,partial,ok,0.667,0.27438364390298176,0.0
SAM-3DBody,synthetic_c2/case_01_MansoryBrickLaying_00/029/partial,partial,partial,ok,0.667,0.27347267819044585,0.0
SAM-3DBody,synthetic_c2/case_01_MansoryBrickLaying_00/031/partial,partial,partial,ok,0.667,0.27482801232693804,0.0
SAM-3DBody,synthetic_c2/case_01_MansoryBrickLaying_00/033/partial,partial,partial,ok,0.667,0.2757973026854797,0.0
SAM-3DBody,synthetic_c2/case_01_MansoryBrickLaying_00/035/partial,partial,partial,ok,0.667,0.2755380300202842,0.0
SAM-3DBody,synthetic_c2/case_01_MansoryBrickLaying_00/037/partial,partial,partial,ok,0.667,0.27943320297870095,0.0
SAM-3DBody,synthetic_c2/case_01_MansoryBrickLaying_00/039/partial,partial,partial,ok,0.667,0.2824709477046209,0.0
SAM-3DBody,synthetic_c2/case_01_MansoryBrickLaying_00/040/partial,partial,partial,ok,0.667,0.2849390921869406,0.0
SAM-3DBody,synthetic_c2/case_01_MansoryBrickLaying_00/042/partial,partial,partial,ok,0.667,0.2821215719894024,0.0
SAM-3DBody,synthetic_c2/case_01_MansoryBrickLaying_00/044/partial,partial,partial,ok,0.667,0.28572255619525583,0.0
SAM-3DBody,synthetic_c2/case_02_MansoryBrickLaying_01/012/partial,partial,partial,ok,0.833,0.27952529001837795,0.0
SAM-3DBody,synthetic_c2/case_02_MansoryBrickLaying_01/020/partial,partial,partial,ok,0.833,0.28255399099426337,0.0
SAM-3DBody,synthetic_c2/case_02_MansoryBrickLaying_01/024/partial,partial,partial,ok,0.833,0.28553834314332827,0.0
SAM-3DBody,synthetic_c2/case_02_MansoryBrickLaying_01/025/partial,partial,partial,ok,0.833,0.28707940277493016,0.0
SAM-3DBody,synthetic_c2/case_03_MansoryBrickLaying_02/008/partial,partial,partial,ok,0.833,0.27745424538533425,0.0
SAM-3DBody,synthetic_c2/case_03_MansoryBrickLaying_02/014/partial,partial,partial,ok,0.833,0.2797431339424138,0.0
SAM-3DBody,synthetic_c2/case_03_MansoryBrickLaying_02/030/partial,partial,partial,ok,0.833,0.2809182491922645,0.0
SAM-3DBody,synthetic_c2/case_03_MansoryBrickLaying_02/041/partial,partial,partial,ok,0.833,0.2786473005257857,0.0
SAM-3DBody,synthetic_c2/case_03_MansoryBrickLaying_02/044/partial,partial,partial,ok,0.833,0.2793733232800827,0.0
SAM-3DBody,synthetic_c2/case_04_MansoryCement_02/001/partial,partial,partial,ok,0.667,0.27676268671399656,0.0
SAM-3DBody,synthetic_c2/case_04_MansoryCement_02/002/partial,partial,partial,ok,0.667,0.2776921335383896,0.0
SAM-3DBody,synthetic_c2/case_04_MansoryCement_02/004/partial,partial,partial,ok,0.667,0.27610433032381965,0.0
SAM-3DBody,synthetic_c2/case_04_MansoryCement_02/006/partial,partial,partial,ok,0.667,0.2767810974360926,0.0
SAM-3DBody,synthetic_c2/case_04_MansoryCement_02/008/partial,partial,partial,ok,0.667,0.2810550310441416,0.0
SAM-3DBody,synthetic_c2/case_04_MansoryCement_02/010/partial,partial,partial,ok,0.667,0.278285838678239,0.0
SAM-3DBody,synthetic_c2/case_04_MansoryCement_02/012/partial,partial,partial,ok,0.667,0.27769991422817086,0.0
SAM-3DBody,synthetic_c2/case_04_MansoryCement_02/013/partial,partial,partial,ok,0.667,0.27836439499696997,0.0
SAM-3DBody,synthetic_c2/case_04_MansoryCement_02/015/partial,partial,partial,ok,0.667,0.27736029017223895,0.0
SAM-3DBody,synthetic_c2/case_04_MansoryCement_02/017/partial,partial,partial,ok,0.667,0.27636576768085086,0.0
SAM-3DBody,synthetic_c2/case_04_MansoryCement_02/019/partial,partial,partial,ok,0.667,0.2768763038048126,0.0
SAM-3DBody,synthetic_c2/case_04_MansoryCement_02/021/partial,partial,partial,ok,0.667,0.2755764019765737,0.0
SAM-3DBody,synthetic_c2/case_04_MansoryCement_02/023/partial,partial,partial,ok,0.667,0.27934896497380707,0.0
SAM-3DBody,synthetic_c2/case_04_MansoryCement_02/024/partial,partial,partial,ok,0.667,0.2793213398941371,0.0
SAM-3DBody,synthetic_c2/case_04_MansoryCement_02/026/partial,partial,partial,ok,0.667,0.27783582364734716,0.0
SAM-3DBody,synthetic_c2/case_04_MansoryCement_02/028/partial,partial,partial,ok,0.667,0.28185790261538163,0.0
SAM-3DBody,synthetic_c2/case_04_MansoryCement_02/030/partial,partial,partial,ok,0.667,0.28222655240403977,0.0
SAM-3DBody,synthetic_c2/case_04_MansoryCement_02/032/partial,partial,partial,ok,0.667,0.28137048363005507,0.0
SAM-3DBody,synthetic_c2/case_04_MansoryCement_02/034/partial,partial,partial,ok,0.667,0.27921213959997637,0.0
SAM-3DBody,synthetic_c2/case_04_MansoryCement_02/035/partial,partial,partial,ok,0.667,0.2779076770083091,0.0
SAM-3DBody,synthetic_c2/case_04_MansoryCement_02/037/partial,partial,partial,ok,0.667,0.2785225165209276,0.0
SAM-3DBody,synthetic_c2/case_04_MansoryCement_02/039/partial,partial,partial,ok,0.667,0.2818307569502,0.0
SAM-3DBody,synthetic_c2/case_04_MansoryCement_02/041/partial,partial,partial,ok,0.667,0.28314835989861326,0.0
SAM-3DBody,synthetic_c2/case_04_MansoryCement_02/043/partial,partial,partial,ok,0.667,0.27983132938608846,0.0
SAM-3DBody,synthetic_c2/case_05_RebarPlacement_00/002/partial,partial,partial,ok,0.833,0.277918746573102,0.0
SAM-3DBody,synthetic_c2/case_05_RebarPlacement_00/003/partial,partial,partial,ok,0.833,0.2795409618905594,0.0
SAM-3DBody,synthetic_c2/case_05_RebarPlacement_00/023/partial,partial,partial,ok,0.833,0.284871475700308,0.0
SAM-3DBody,synthetic_c2/case_06_RebarTying_01/001/partial,partial,partial,ok,0.583,0.2833375087382163,0.0
SAM-3DBody,synthetic_c2/case_06_RebarTying_01/003/partial,partial,partial,ok,0.75,0.2806695515411399,0.0
SAM-3DBody,synthetic_c2/case_06_RebarTying_01/005/partial,partial,partial,ok,0.833,0.27952843414634826,0.0
SAM-3DBody,synthetic_c2/case_06_RebarTying_01/009/partial,partial,partial,ok,0.75,0.28378168791963615,0.0
SAM-3DBody,synthetic_c2/case_06_RebarTying_01/012/partial,partial,partial,ok,0.833,0.2811724155892904,0.0
SAM-3DBody,synthetic_c2/case_06_RebarTying_01/016/partial,partial,partial,ok,0.833,0.28227047131361016,0.0
SAM-3DBody,synthetic_c2/case_06_RebarTying_01/019/partial,partial,partial,ok,0.833,0.2839543235591708,0.0
SAM-3DBody,synthetic_c2/case_06_RebarTying_01/022/partial,partial,partial,ok,0.75,0.28679941392220976,0.0
SAM-3DBody,synthetic_c2/case_06_RebarTying_01/029/partial,partial,partial,ok,0.75,0.28821166129276915,0.0
SAM-3DBody,synthetic_c2/case_06_RebarTying_01/035/partial,partial,partial,ok,0.583,0.28543830381454993,0.0
SAM-3DBody,synthetic_c2/case_07_RebarTying_02/000/none,partial,none,ok,0.833,0.2830574583777248,16.666666666666664
SAM-3DBody,synthetic_c2/case_07_RebarTying_02/000/partial,partial,partial,ok,0.5,0.28113970162140867,16.666666666666664
SAM-3DBody,synthetic_c2/case_07_RebarTying_02/002/partial,partial,partial,ok,0.5,0.2809814098377637,16.666666666666664
SAM-3DBody,synthetic_c2/case_07_RebarTying_02/004/partial,partial,partial,ok,0.5,0.28167293280370254,16.666666666666664
SAM-3DBody,synthetic_c2/case_07_RebarTying_02/006/partial,partial,partial,ok,0.5,0.2816735588986654,16.666666666666664
SAM-3DBody,synthetic_c2/case_07_RebarTying_02/007/partial,partial,partial,ok,0.583,0.2822544790811117,16.666666666666664
SAM-3DBody,synthetic_c2/case_07_RebarTying_02/009/partial,partial,partial,ok,0.5,0.28157674113679537,16.666666666666664
SAM-3DBody,synthetic_c2/case_07_RebarTying_02/010/partial,partial,partial,ok,0.583,0.2824355957070884,16.666666666666664
SAM-3DBody,synthetic_c2/case_07_RebarTying_02/012/partial,partial,partial,ok,0.583,0.2821642261983919,16.666666666666664
SAM-3DBody,synthetic_c2/case_07_RebarTying_02/014/partial,partial,partial,ok,0.583,0.28221488494493774,16.666666666666664
SAM-3DBody,synthetic_c2/case_07_RebarTying_02/016/partial,partial,partial,ok,0.583,0.2819914856567563,16.666666666666664
SAM-3DBody,synthetic_c2/case_07_RebarTying_02/018/partial,partial,partial,ok,0.583,0.28328600709804697,16.666666666666664
SAM-3DBody,synthetic_c2/case_07_RebarTying_02/020/partial,partial,partial,ok,0.5,0.2819333435968009,16.666666666666664
SAM-3DBody,synthetic_c2/case_07_RebarTying_02/021/partial,partial,partial,ok,0.5,0.2828504223526144,16.666666666666664
SAM-3DBody,synthetic_c2/case_07_RebarTying_02/023/partial,partial,partial,ok,0.5,0.2812612734356345,16.666666666666664
SAM-3DBody,synthetic_c2/case_07_RebarTying_02/025/partial,partial,partial,ok,0.5,0.2834816566338395,16.666666666666664
SAM-3DBody,synthetic_c2/case_07_RebarTying_02/027/partial,partial,partial,ok,0.5,0.2814756865272825,16.666666666666664
SAM-3DBody,synthetic_c2/case_07_RebarTying_02/028/partial,partial,partial,ok,0.5,0.28095124023585305,16.666666666666664
SAM-3DBody,synthetic_c2/case_07_RebarTying_02/030/partial,partial,partial,ok,0.5,0.2806387968474603,16.666666666666664
SAM-3DBody,synthetic_c2/case_07_RebarTying_02/031/none,partial,none,ok,0.833,0.2820048599723345,16.666666666666664
SAM-3DBody,synthetic_c2/case_07_RebarTying_02/032/partial,partial,partial,ok,0.5,0.28079606819285746,16.666666666666664
SAM-3DBody,synthetic_c2/case_07_RebarTying_02/033/partial,partial,partial,ok,0.5,0.2802132005789615,16.666666666666664
SAM-3DBody,synthetic_c2/case_07_RebarTying_02/034/partial,partial,partial,ok,0.5,0.27882634977481735,16.666666666666664
SAM-3DBody,synthetic_c2/case_07_RebarTying_02/035/partial,partial,partial,ok,0.5,0.27777235795533356,16.666666666666664
SAM-3DBody,synthetic_c2/case_07_RebarTying_02/037/partial,partial,partial,ok,0.583,0.2782708591855641,16.666666666666664
SAM-3DBody,synthetic_c2/case_07_RebarTying_02/038/partial,partial,partial,ok,0.5,0.2764697089981547,16.666666666666664
SAM-3DBody,synthetic_c2/case_07_RebarTying_02/041/partial,partial,partial,ok,0.5,0.28176469340345717,0.0
SAM-3DBody,synthetic_c2/case_07_RebarTying_02/043/partial,partial,partial,ok,0.5,0.28075109777481005,0.0
SAM-3DBody,synthetic_c2/case_08_WallPlacement_00/012/partial,partial,partial,ok,0.833,0.28949500717902443,0.0
SAM-3DBody,synthetic_c2/case_01_MansoryBrickLaying_00/000/severe,severe,severe,ok,0.167,0.27891411640840935,0.0
SAM-3DBody,synthetic_c2/case_01_MansoryBrickLaying_00/004/severe,severe,severe,ok,0.167,0.28021638573539154,0.0
SAM-3DBody,synthetic_c2/case_01_MansoryBrickLaying_00/008/severe,severe,severe,ok,0.0,0.2795416241324122,0.0
SAM-3DBody,synthetic_c2/case_01_MansoryBrickLaying_00/012/severe,severe,severe,ok,0.0,0.27678789619751343,0.0
SAM-3DBody,synthetic_c2/case_01_MansoryBrickLaying_00/016/severe,severe,severe,ok,0.0,0.2733716812187938,0.0
SAM-3DBody,synthetic_c2/case_01_MansoryBrickLaying_00/020/severe,severe,severe,ok,0.167,0.27334333816596207,0.0
SAM-3DBody,synthetic_c2/case_01_MansoryBrickLaying_00/025/severe,severe,severe,ok,0.167,0.26972834790054684,0.0
SAM-3DBody,synthetic_c2/case_01_MansoryBrickLaying_00/029/severe,severe,severe,ok,0.167,0.27085582991853446,0.0
SAM-3DBody,synthetic_c2/case_01_MansoryBrickLaying_00/033/severe,severe,severe,ok,0.0,0.27048219250082794,0.0
SAM-3DBody,synthetic_c2/case_01_MansoryBrickLaying_00/037/severe,severe,severe,ok,0.167,0.27439577740936494,0.0
SAM-3DBody,synthetic_c2/case_01_MansoryBrickLaying_00/041/severe,severe,severe,ok,0.167,0.27956200933097775,0.0
SAM-3DBody,synthetic_c2/case_02_MansoryBrickLaying_01/000/severe,severe,severe,ok,0.0,0.28832754794170856,0.0
SAM-3DBody,synthetic_c2/case_02_MansoryBrickLaying_01/003/severe,severe,severe,ok,0.0,0.2915879787096827,0.0
SAM-3DBody,synthetic_c2/case_02_MansoryBrickLaying_01/006/severe,severe,severe,ok,0.0,0.29047774287372036,0.0
SAM-3DBody,synthetic_c2/case_02_MansoryBrickLaying_01/010/severe,severe,severe,ok,0.0,0.285335925473731,0.0
SAM-3DBody,synthetic_c2/case_02_MansoryBrickLaying_01/014/severe,severe,severe,ok,0.0,0.2890016406499736,0.0
SAM-3DBody,synthetic_c2/case_02_MansoryBrickLaying_01/017/partial,severe,partial,ok,0.0,0.280743569916299,0.0
SAM-3DBody,synthetic_c2/case_02_MansoryBrickLaying_01/021/severe,severe,severe,ok,0.0,0.2859660263997392,0.0
SAM-3DBody,synthetic_c2/case_02_MansoryBrickLaying_01/025/severe,severe,severe,ok,0.0,0.28790866318032815,0.0
SAM-3DBody,synthetic_c2/case_02_MansoryBrickLaying_01/028/partial,severe,partial,ok,0.0,0.28253068325064706,0.0
SAM-3DBody,synthetic_c2/case_02_MansoryBrickLaying_01/030/partial,severe,partial,ok,0.0,0.28069648068954267,0.0
SAM-3DBody,synthetic_c2/case_02_MansoryBrickLaying_01/032/partial,severe,partial,ok,0.0,0.2831827639220609,0.0
SAM-3DBody,synthetic_c2/case_02_MansoryBrickLaying_01/034/partial,severe,partial,ok,0.0,0.2830711195542857,0.0
SAM-3DBody,synthetic_c2/case_02_MansoryBrickLaying_01/036/partial,severe,partial,ok,0.0,0.2815731251898091,0.0
SAM-3DBody,synthetic_c2/case_02_MansoryBrickLaying_01/038/partial,severe,partial,ok,0.0,0.278222894421677,0.0
SAM-3DBody,synthetic_c2/case_02_MansoryBrickLaying_01/040/partial,severe,partial,ok,0.0,0.27641269152990033,0.0
SAM-3DBody,synthetic_c2/case_02_MansoryBrickLaying_01/042/partial,severe,partial,ok,0.0,0.2744350054427912,0.0
SAM-3DBody,synthetic_c2/case_02_MansoryBrickLaying_01/044/partial,severe,partial,ok,0.0,0.270583273564042,0.0
SAM-3DBody,synthetic_c2/case_03_MansoryBrickLaying_02/003/severe,severe,severe,ok,0.0,0.29590867617702216,0.0
SAM-3DBody,synthetic_c2/case_03_MansoryBrickLaying_02/007/severe,severe,severe,ok,0.0,0.28886733676677934,0.0
SAM-3DBody,synthetic_c2/case_03_MansoryBrickLaying_02/011/severe,severe,severe,ok,0.0,0.2953429249722217,0.0
SAM-3DBody,synthetic_c2/case_03_MansoryBrickLaying_02/015/severe,severe,severe,ok,0.0,0.29980839478123594,0.0
SAM-3DBody,synthetic_c2/case_03_MansoryBrickLaying_02/019/severe,severe,severe,ok,0.0,0.2948082227338153,0.0
SAM-3DBody,synthetic_c2/case_03_MansoryBrickLaying_02/023/severe,severe,severe,ok,0.0,0.2951047784437598,0.0
SAM-3DBody,synthetic_c2/case_03_MansoryBrickLaying_02/027/partial,severe,partial,ok,0.0,0.28027972102313925,0.0
SAM-3DBody,synthetic_c2/case_03_MansoryBrickLaying_02/030/severe,severe,severe,ok,0.0,0.2945622194874542,0.0
SAM-3DBody,synthetic_c2/case_03_MansoryBrickLaying_02/033/partial,severe,partial,ok,0.0,0.27982785062166654,0.0
SAM-3DBody,synthetic_c2/case_03_MansoryBrickLaying_02/035/partial,severe,partial,ok,0.0,0.279569263350682,0.0
SAM-3DBody,synthetic_c2/case_03_MansoryBrickLaying_02/037/partial,severe,partial,ok,0.0,0.27802997513851163,0.0
SAM-3DBody,synthetic_c2/case_03_MansoryBrickLaying_02/039/severe,severe,severe,ok,0.0,0.293495907044724,0.0
SAM-3DBody,synthetic_c2/case_03_MansoryBrickLaying_02/042/severe,severe,severe,ok,0.0,0.30145999517688293,0.0
SAM-3DBody,synthetic_c2/case_04_MansoryCement_02/000/severe,severe,severe,ok,0.25,0.2684507708828647,0.0
SAM-3DBody,synthetic_c2/case_04_MansoryCement_02/004/severe,severe,severe,ok,0.25,0.27317268725829513,0.0
SAM-3DBody,synthetic_c2/case_04_MansoryCement_02/008/severe,severe,severe,ok,0.25,0.2698222173595545,0.0
SAM-3DBody,synthetic_c2/case_04_MansoryCement_02/012/severe,severe,severe,ok,0.333,0.27003313366642184,0.0
SAM-3DBody,synthetic_c2/case_04_MansoryCement_02/016/severe,severe,severe,ok,0.25,0.27130700133740326,0.0
SAM-3DBody,synthetic_c2/case_04_MansoryCement_02/020/severe,severe,severe,ok,0.25,0.2695232683208506,0.0
SAM-3DBody,synthetic_c2/case_04_MansoryCement_02/024/severe,severe,severe,ok,0.25,0.2683221330363102,0.0
SAM-3DBody,synthetic_c2/case_04_MansoryCement_02/028/severe,severe,severe,ok,0.0,0.26888082487240683,0.0
SAM-3DBody,synthetic_c2/case_04_MansoryCement_02/032/severe,severe,severe,ok,0.0,0.26998395879218945,0.0
SAM-3DBody,synthetic_c2/case_04_MansoryCement_02/037/severe,severe,severe,ok,0.0,0.2676727459755279,0.0
SAM-3DBody,synthetic_c2/case_04_MansoryCement_02/041/severe,severe,severe,ok,0.167,0.26871871174011414,0.0
SAM-3DBody,synthetic_c2/case_05_RebarPlacement_00/000/severe,severe,severe,ok,0.0,0.28181879836079465,0.0
SAM-3DBody,synthetic_c2/case_05_RebarPlacement_00/004/severe,severe,severe,ok,0.0,0.28081704630791166,0.0
SAM-3DBody,synthetic_c2/case_05_RebarPlacement_00/008/severe,severe,severe,ok,0.0,0.29114930212248274,0.0
SAM-3DBody,synthetic_c2/case_05_RebarPlacement_00/012/severe,severe,severe,ok,0.0,0.2874742632963988,0.0
SAM-3DBody,synthetic_c2/case_05_RebarPlacement_00/016/severe,severe,severe,ok,0.0,0.28707136040903775,0.0
SAM-3DBody,synthetic_c2/case_05_RebarPlacement_00/020/severe,severe,severe,ok,0.0,0.2840311709044936,0.0
SAM-3DBody,synthetic_c2/case_05_RebarPlacement_00/024/severe,severe,severe,ok,0.0,0.28133038783879266,0.0
SAM-3DBody,synthetic_c2/case_05_RebarPlacement_00/028/severe,severe,severe,ok,0.0,0.2886391159822924,0.0
SAM-3DBody,synthetic_c2/case_05_RebarPlacement_00/032/severe,severe,severe,ok,0.0,0.29191461136567876,0.0
SAM-3DBody,synthetic_c2/case_05_RebarPlacement_00/037/severe,severe,severe,ok,0.0,0.29241843748325763,0.0
SAM-3DBody,synthetic_c2/case_05_RebarPlacement_00/041/severe,severe,severe,ok,0.0,0.29357648592136726,0.0
SAM-3DBody,synthetic_c2/case_06_RebarTying_01/000/severe,severe,severe,ok,0.0,0.28690750984850344,0.0
SAM-3DBody,synthetic_c2/case_06_RebarTying_01/004/severe,severe,severe,ok,0.0,0.2888271362779733,0.0
SAM-3DBody,synthetic_c2/case_06_RebarTying_01/008/severe,severe,severe,ok,0.0,0.29024351894533446,0.0
SAM-3DBody,synthetic_c2/case_06_RebarTying_01/012/severe,severe,severe,ok,0.0,0.2858519779241355,0.0
SAM-3DBody,synthetic_c2/case_06_RebarTying_01/016/severe,severe,severe,ok,0.0,0.2754984147205712,0.0
SAM-3DBody,synthetic_c2/case_06_RebarTying_01/020/severe,severe,severe,ok,0.0,0.27931817139886866,0.0
SAM-3DBody,synthetic_c2/case_06_RebarTying_01/023/severe,severe,severe,ok,0.0,0.27708838013826714,0.0
SAM-3DBody,synthetic_c2/case_06_RebarTying_01/025/severe,severe,severe,ok,0.0,0.2718424055788467,0.0
SAM-3DBody,synthetic_c2/case_06_RebarTying_01/027/severe,severe,severe,ok,0.0,0.2692256452840782,0.0
SAM-3DBody,synthetic_c2/case_06_RebarTying_01/031/severe,severe,severe,ok,0.0,0.279429154153923,0.0
SAM-3DBody,synthetic_c2/case_06_RebarTying_01/034/severe,severe,severe,ok,0.0,0.2815294365503575,0.0
SAM-3DBody,synthetic_c2/case_06_RebarTying_01/038/partial,severe,partial,ok,0.0,0.2837492458294653,0.0
SAM-3DBody,synthetic_c2/case_06_RebarTying_01/040/partial,severe,partial,ok,0.0,0.2822694763609045,0.0
SAM-3DBody,synthetic_c2/case_06_RebarTying_01/042/severe,severe,severe,ok,0.0,0.2775234369906644,0.0
SAM-3DBody,synthetic_c2/case_07_RebarTying_02/000/severe,severe,severe,ok,0.0,0.27974336147816853,0.0
SAM-3DBody,synthetic_c2/case_07_RebarTying_02/004/severe,severe,severe,ok,0.0,0.2775518069551201,0.0
SAM-3DBody,synthetic_c2/case_07_RebarTying_02/008/severe,severe,severe,ok,0.0,0.27710863356446486,0.0
SAM-3DBody,synthetic_c2/case_07_RebarTying_02/012/severe,severe,severe,ok,0.0,0.2750578032228552,0.0
SAM-3DBody,synthetic_c2/case_07_RebarTying_02/016/severe,severe,severe,ok,0.0,0.27766936028704337,16.666666666666664
SAM-3DBody,synthetic_c2/case_07_RebarTying_02/020/severe,severe,severe,ok,0.0,0.27901665848577195,0.0
SAM-3DBody,synthetic_c2/case_07_RebarTying_02/025/severe,severe,severe,ok,0.0,0.27828525596998605,16.666666666666664
SAM-3DBody,synthetic_c2/case_07_RebarTying_02/029/severe,severe,severe,ok,0.0,0.2770369387154583,16.666666666666664
SAM-3DBody,synthetic_c2/case_07_RebarTying_02/033/severe,severe,severe,ok,0.0,0.28043948539395774,0.0
SAM-3DBody,synthetic_c2/case_07_RebarTying_02/037/severe,severe,severe,ok,0.0,0.27277879791622467,0.0
SAM-3DBody,synthetic_c2/case_07_RebarTying_02/040/severe,severe,severe,ok,0.0,0.2791000710110466,0.0
SAM-3DBody,synthetic_c2/case_07_RebarTying_02/044/severe,severe,severe,ok,0.0,0.27923739721848145,0.0
SAM-3DBody,synthetic_c2/case_08_WallPlacement_00/003/severe,severe,severe,ok,0.0,0.25927680895221433,0.0
SAM-3DBody,synthetic_c2/case_08_WallPlacement_00/007/severe,severe,severe,ok,0.0,0.26219559337170983,0.0
SAM-3DBody,synthetic_c2/case_08_WallPlacement_00/011/severe,severe,severe,ok,0.0,0.2624304976663824,0.0
SAM-3DBody,synthetic_c2/case_08_WallPlacement_00/015/severe,severe,severe,ok,0.0,0.26982987038317635,0.0
SAM-3DBody,synthetic_c2/case_08_WallPlacement_00/019/severe,severe,severe,ok,0.0,0.25693119328000485,0.0
SAM-3DBody,synthetic_c2/case_08_WallPlacement_00/024/severe,severe,severe,ok,0.0,0.2753059876546471,0.0
SAM-3DBody,synthetic_c2/case_08_WallPlacement_00/028/severe,severe,severe,ok,0.0,0.28608038472682057,0.0
SAM-3DBody,synthetic_c2/case_08_WallPlacement_00/032/severe,severe,severe,ok,0.0,0.2848957112897814,0.0
SAM-3DBody,synthetic_c2/case_08_WallPlacement_00/036/severe,severe,severe,ok,0.0,0.28213146939713113,0.0
SAM-3DBody,synthetic_c2/case_08_WallPlacement_00/040/severe,severe,severe,ok,0.0,0.27905958331924147,0.0
SAM-3DBody,synthetic_c2/case_08_WallPlacement_00/044/severe,severe,severe,ok,0.0,0.2641365647745223,0.0
AlphaPose-MotionBERT,synthetic_c2/case_01_MansoryBrickLaying_00/000/none,none,none,ok,1.0,0.37913984289536107,0.0
AlphaPose-MotionBERT,synthetic_c2/case_01_MansoryBrickLaying_00/005/none,none,none,ok,1.0,0.37676034294641936,0.0
AlphaPose-MotionBERT,synthetic_c2/case_01_MansoryBrickLaying_00/010/none,none,none,ok,1.0,0.3775418263215285,0.0
AlphaPose-MotionBERT,synthetic_c2/case_01_MansoryBrickLaying_00/015/none,none,none,ok,1.0,0.37619039760186124,0.0
AlphaPose-MotionBERT,synthetic_c2/case_01_MansoryBrickLaying_00/020/none,none,none,ok,1.0,0.37400046907938445,0.0
AlphaPose-MotionBERT,synthetic_c2/case_01_MansoryBrickLaying_00/025/none,none,none,ok,1.0,0.3718626613800342,0.0
AlphaPose-MotionBERT,synthetic_c2/case_01_MansoryBrickLaying_00/030/none,none,none,ok,1.0,0.3732946687019788,0.0
AlphaPose-MotionBERT,synthetic_c2/case_01_MansoryBrickLaying_00/035/none,none,none,ok,1.0,0.37789703676333797,0.0
AlphaPose-MotionBERT,synthetic_c2/case_01_MansoryBrickLaying_00/040/none,none,none,ok,1.0,0.37585234527404493,0.0
AlphaPose-MotionBERT,synthetic_c2/case_02_MansoryBrickLaying_01/000/none,none,none,ok,1.0,0.39414530763259303,16.666666666666664
AlphaPose-MotionBERT,synthetic_c2/case_02_MansoryBrickLaying_01/002/none,none,none,ok,1.0,0.3910517394542694,0.0
AlphaPose-MotionBERT,synthetic_c2/case_02_MansoryBrickLaying_01/005/partial,none,partial,ok,1.0,0.3472636124262443,16.666666666666664
AlphaPose-MotionBERT,synthetic_c2/case_02_MansoryBrickLaying_01/008/partial,none,partial,ok,1.0,0.345342103105325,16.666666666666664
AlphaPose-MotionBERT,synthetic_c2/case_02_MansoryBrickLaying_01/011/none,none,none,ok,1.0,0.39118217161068547,0.0
AlphaPose-MotionBERT,synthetic_c2/case_02_MansoryBrickLaying_01/014/none,none,none,ok,1.0,0.3962563620163844,0.0
AlphaPose-MotionBERT,synthetic_c2/case_02_MansoryBrickLaying_01/018/none,none,none,ok,1.0,0.39670400550732243,0.0
AlphaPose-MotionBERT,synthetic_c2/case_02_MansoryBrickLaying_01/021/none,none,none,ok,1.0,0.3953582759086902,16.666666666666664
AlphaPose-MotionBERT,synthetic_c2/case_02_MansoryBrickLaying_01/024/none,none,none,ok,1.0,0.39405648754193234,0.0
AlphaPose-MotionBERT,synthetic_c2/case_02_MansoryBrickLaying_01/028/none,none,none,ok,1.0,0.3868010135797354,0.0
AlphaPose-MotionBERT,synthetic_c2/case_02_MansoryBrickLaying_01/033/none,none,none,ok,1.0,0.38287027867940754,0.0
AlphaPose-MotionBERT,synthetic_c2/case_02_MansoryBrickLaying_01/038/none,none,none,ok,1.0,0.37527128710196567,0.0
AlphaPose-MotionBERT,synthetic_c2/case_02_MansoryBrickLaying_01/043/none,none,none,ok,1.0,0.3700731304975656,0.0
AlphaPose-MotionBERT,synthetic_c2/case_03_MansoryBrickLaying_02/001/partial,none,partial,ok,1.0,0.2951139354935059,0.0
AlphaPose-MotionBERT,synthetic_c2/case_03_MansoryBrickLaying_02/004/none,none,none,ok,1.0,0.39149799942970276,16.666666666666664
AlphaPose-MotionBERT,synthetic_c2/case_03_MansoryBrickLaying_02/007/none,none,none,ok,1.0,0.390119799054586,16.666666666666664
AlphaPose-MotionBERT,synthetic_c2/case_03_MansoryBrickLaying_02/010/none,none,none,ok,1.0,0.388048088321319,16.666666666666664
AlphaPose-MotionBERT,synthetic_c2/case_03_MansoryBrickLaying_02/013/none,none,none,ok,1.0,0.3887151445333774,33.33333333333333
AlphaPose-MotionBERT,synthetic_c2/case_03_MansoryBrickLaying_02/016/none,none,none,ok,1.0,0.38821739760728985,33.33333333333333
AlphaPose-MotionBERT,synthetic_c2/case_03_MansoryBrickLaying_02/018/partial,none,partial,ok,0.917,0.29786807470596754,0.0
AlphaPose-MotionBERT,synthetic_c2/case_03_MansoryBrickLaying_02/021/none,none,none,ok,1.0,0.38739120157865375,33.33333333333333
AlphaPose-MotionBERT,synthetic_c2/case_03_MansoryBrickLaying_02/023/none,none,none,ok,1.0,0.38640467478678775,33.33333333333333
AlphaPose-MotionBERT,synthetic_c2/case_03_MansoryBrickLaying_02/025/partial,none,partial,ok,0.917,0.2985451192809985,0.0
AlphaPose-MotionBERT,synthetic_c2/case_03_MansoryBrickLaying_02/029/none,none,none,ok,1.0,0.3861254866306598,16.666666666666664
AlphaPose-MotionBERT,synthetic_c2/case_03_MansoryBrickLaying_02/033/none,none,none,ok,1.0,0.3887796035179725,16.666666666666664
AlphaPose-MotionBERT,synthetic_c2/case_03_MansoryBrickLaying_02/038/none,none,none,ok,1.0,0.39036036798587215,33.33333333333333
AlphaPose-MotionBERT,synthetic_c2/case_03_MansoryBrickLaying_02/043/none,none,none,ok,1.0,0.39093296459087956,16.666666666666664
AlphaPose-MotionBERT,synthetic_c2/case_04_MansoryCement_02/003/none,none,none,ok,1.0,0.38355014759760636,0.0
AlphaPose-MotionBERT,synthetic_c2/case_04_MansoryCement_02/008/none,none,none,ok,1.0,0.3832058012485504,0.0
AlphaPose-MotionBERT,synthetic_c2/case_04_MansoryCement_02/013/none,none,none,ok,1.0,0.3826836668528043,0.0
AlphaPose-MotionBERT,synthetic_c2/case_04_MansoryCement_02/018/none,none,none,ok,1.0,0.38291093707084656,0.0
AlphaPose-MotionBERT,synthetic_c2/case_04_MansoryCement_02/023/none,none,none,ok,1.0,0.3837002217769623,0.0
AlphaPose-MotionBERT,synthetic_c2/case_04_MansoryCement_02/028/none,none,none,ok,1.0,0.3840037068495384,16.666666666666664
AlphaPose-MotionBERT,synthetic_c2/case_04_MansoryCement_02/033/none,none,none,ok,1.0,0.3830462717092954,0.0
AlphaPose-MotionBERT,synthetic_c2/case_04_MansoryCement_02/038/none,none,none,ok,1.0,0.3817962786326042,0.0
AlphaPose-MotionBERT,synthetic_c2/case_04_MansoryCement_02/043/none,none,none,ok,1.0,0.3807630378466386,0.0
AlphaPose-MotionBERT,synthetic_c2/case_05_RebarPlacement_00/001/partial,none,partial,ok,0.917,0.32626687907255614,0.0
AlphaPose-MotionBERT,synthetic_c2/case_05_RebarPlacement_00/005/none,none,none,ok,1.0,0.320140350323457,0.0
AlphaPose-MotionBERT,synthetic_c2/case_05_RebarPlacement_00/007/partial,none,partial,ok,0.917,0.3355959699704097,0.0
AlphaPose-MotionBERT,synthetic_c2/case_05_RebarPlacement_00/010/none,none,none,ok,1.0,0.31993636603538805,16.666666666666664
AlphaPose-MotionBERT,synthetic_c2/case_05_RebarPlacement_00/012/partial,none,partial,ok,1.0,0.3418840720103337,0.0
AlphaPose-MotionBERT,synthetic_c2/case_05_RebarPlacement_00/014/partial,none,partial,ok,1.0,0.3445746451616287,0.0
AlphaPose-MotionBERT,synthetic_c2/case_05_RebarPlacement_00/017/none,none,none,ok,1.0,0.3239380900676434,16.666666666666664
AlphaPose-MotionBERT,synthetic_c2/case_05_RebarPlacement_00/019/partial,none,partial,ok,1.0,0.34701556540452516,16.666666666666664
AlphaPose-MotionBERT,synthetic_c2/case_05_RebarPlacement_00/022/none,none,none,ok,1.0,0.33014437097769517,16.666666666666664
AlphaPose-MotionBERT,synthetic_c2/case_05_RebarPlacement_00/025/partial,none,partial,ok,0.917,0.3478913822999367,16.666666666666664
AlphaPose-MotionBERT,synthetic_c2/case_05_RebarPlacement_00/028/none,none,none,ok,1.0,0.3319413742193809,16.666666666666664
AlphaPose-MotionBERT,synthetic_c2/case_05_RebarPlacement_00/030/partial,none,partial,ok,0.917,0.3495636112414874,16.666666666666664
AlphaPose-MotionBERT,synthetic_c2/case_05_RebarPlacement_00/033/none,none,none,ok,1.0,0.3391900394971554,16.666666666666664
AlphaPose-MotionBERT,synthetic_c2/case_05_RebarPlacement_00/035/partial,none,partial,ok,0.917,0.3549357836063092,16.666666666666664
AlphaPose-MotionBERT,synthetic_c2/case_05_RebarPlacement_00/038/none,none,none,ok,1.0,0.3537536504176947,0.0
AlphaPose-MotionBERT,synthetic_c2/case_05_RebarPlacement_00/040/partial,none,partial,ok,0.917,0.3683554266507809,16.666666666666664
AlphaPose-MotionBERT,synthetic_c2/case_05_RebarPlacement_00/043/none,none,none,ok,1.0,0.36144947661803317,0.0
AlphaPose-MotionBERT,synthetic_c2/case_06_RebarTying_01/001/none,none,none,ok,1.0,0.3204600977209898,0.0
AlphaPose-MotionBERT,synthetic_c2/case_06_RebarTying_01/006/none,none,none,ok,1.0,0.3260974826721045,16.666666666666664
AlphaPose-MotionBERT,synthetic_c2/case_06_RebarTying_01/009/none,none,none,ok,1.0,0.3303222306645833,16.666666666666664
AlphaPose-MotionBERT,synthetic_c2/case_06_RebarTying_01/012/none,none,none,ok,1.0,0.32942187728790134,0.0
AlphaPose-MotionBERT,synthetic_c2/case_06_RebarTying_01/015/partial,none,partial,ok,0.917,0.31526116969493717,0.0
AlphaPose-MotionBERT,synthetic_c2/case_06_RebarTying_01/019/none,none,none,ok,1.0,0.3322679131076886,0.0
AlphaPose-MotionBERT,synthetic_c2/case_06_RebarTying_01/023/none,none,none,ok,1.0,0.33814915728110534,0.0
AlphaPose-MotionBERT,synthetic_c2/case_06_RebarTying_01/028/none,none,none,ok,1.0,0.33959414122196346,0.0
AlphaPose-MotionBERT,synthetic_c2/case_06_RebarTying_01/031/partial,none,partial,ok,0.917,0.32633381279615253,0.0
AlphaPose-MotionBERT,synthetic_c2/case_06_RebarTying_01/035/none,none,none,ok,1.0,0.33682355743188125,0.0
AlphaPose-MotionBERT,synthetic_c2/case_06_RebarTying_01/038/none,none,none,ok,1.0,0.3360242419517957,0.0
AlphaPose-MotionBERT,synthetic_c2/case_06_RebarTying_01/043/none,none,none,ok,1.0,0.3349658726499631,0.0
AlphaPose-MotionBERT,synthetic_c2/case_07_RebarTying_02/003/none,none,none,ok,1.0,0.6192763539460989,0.0
AlphaPose-MotionBERT,synthetic_c2/case_07_RebarTying_02/009/none,none,none,ok,0.917,0.6195517365749066,0.0
AlphaPose-MotionBERT,synthetic_c2/case_07_RebarTying_02/014/none,none,none,ok,0.917,0.6207383985702808,0.0
AlphaPose-MotionBERT,synthetic_c2/case_07_RebarTying_02/019/none,none,none,ok,1.0,0.6221707165241241,0.0
AlphaPose-MotionBERT,synthetic_c2/case_07_RebarTying_02/024/none,none,none,ok,0.917,0.6227525174617767,0.0
AlphaPose-MotionBERT,synthetic_c2/case_07_RebarTying_02/030/none,none,none,ok,1.0,0.6245274979334611,0.0
AlphaPose-MotionBERT,synthetic_c2/case_07_RebarTying_02/039/none,none,none,ok,0.917,0.630934632741488,0.0
AlphaPose-MotionBERT,synthetic_c2/case_07_RebarTying_02/044/none,none,none,ok,1.0,0.6318393189173478,0.0
AlphaPose-MotionBERT,synthetic_c2/case_08_WallPlacement_00/002/none,none,none,ok,1.0,0.3709036444242184,0.0
AlphaPose-MotionBERT,synthetic_c2/case_08_WallPlacement_00/004/partial,none,partial,ok,0.917,0.3826102786339246,0.0
AlphaPose-MotionBERT,synthetic_c2/case_08_WallPlacement_00/007/none,none,none,ok,1.0,0.37054427770467907,0.0
AlphaPose-MotionBERT,synthetic_c2/case_08_WallPlacement_00/009/partial,none,partial,ok,0.917,0.38272498891903806,0.0
AlphaPose-MotionBERT,synthetic_c2/case_08_WallPlacement_00/012/none,none,none,ok,1.0,0.37020017206668854,0.0
AlphaPose-MotionBERT,synthetic_c2/case_08_WallPlacement_00/015/none,none,none,ok,1.0,0.3706473983251132,0.0
AlphaPose-MotionBERT,synthetic_c2/case_08_WallPlacement_00/017/partial,none,partial,ok,1.0,0.38342991929787856,0.0
AlphaPose-MotionBERT,synthetic_c2/case_08_WallPlacement_00/020/none,none,none,ok,1.0,0.3710555136203766,0.0
AlphaPose-MotionBERT,synthetic_c2/case_08_WallPlacement_00/022/none,none,none,ok,1.0,0.37103704649668473,0.0
AlphaPose-MotionBERT,synthetic_c2/case_08_WallPlacement_00/024/partial,none,partial,ok,0.917,0.38434830881082094,0.0
AlphaPose-MotionBERT,synthetic_c2/case_08_WallPlacement_00/027/none,none,none,ok,1.0,0.370542246561784,0.0
AlphaPose-MotionBERT,synthetic_c2/case_08_WallPlacement_00/029/partial,none,partial,ok,0.917,0.38576606145271886,0.0
AlphaPose-MotionBERT,synthetic_c2/case_08_WallPlacement_00/032/none,none,none,ok,1.0,0.37120163669952977,0.0
AlphaPose-MotionBERT,synthetic_c2/case_08_WallPlacement_00/034/partial,none,partial,ok,0.917,0.3871603631056272,0.0
AlphaPose-MotionBERT,synthetic_c2/case_08_WallPlacement_00/037/none,none,none,ok,1.0,0.3719637073003329,0.0
AlphaPose-MotionBERT,synthetic_c2/case_08_WallPlacement_00/039/partial,none,partial,ok,1.0,0.38613522855135113,0.0
AlphaPose-MotionBERT,synthetic_c2/case_08_WallPlacement_00/042/none,none,none,ok,1.0,0.37331232313926405,0.0
AlphaPose-MotionBERT,synthetic_c2/case_08_WallPlacement_00/044/partial,none,partial,ok,0.917,0.38642596854613376,0.0
AlphaPose-MotionBERT,synthetic_c2/case_01_MansoryBrickLaying_00/000/partial,partial,partial,ok,0.667,0.37146854859132034,16.666666666666664
AlphaPose-MotionBERT,synthetic_c2/case_01_MansoryBrickLaying_00/002/partial,partial,partial,ok,0.667,0.36757499552690065,16.666666666666664
AlphaPose-MotionBERT,synthetic_c2/case_01_MansoryBrickLaying_00/004/partial,partial,partial,ok,0.583,0.36574123685176557,16.666666666666664
AlphaPose-MotionBERT,synthetic_c2/case_01_MansoryBrickLaying_00/006/partial,partial,partial,ok,0.667,0.36462172178121716,16.666666666666664
AlphaPose-MotionBERT,synthetic_c2/case_01_MansoryBrickLaying_00/007/partial,partial,partial,ok,0.667,0.3621380546918282,16.666666666666664
AlphaPose-MotionBERT,synthetic_c2/case_01_MansoryBrickLaying_00/009/partial,partial,partial,ok,0.667,0.358936614715136,16.666666666666664
AlphaPose-MotionBERT,synthetic_c2/case_01_MansoryBrickLaying_00/011/partial,partial,partial,ok,0.667,0.35605884286073536,16.666666666666664
AlphaPose-MotionBERT,synthetic_c2/case_01_MansoryBrickLaying_00/013/partial,partial,partial,ok,0.667,0.3579435612146671,16.666666666666664
AlphaPose-MotionBERT,synthetic_c2/case_01_MansoryBrickLaying_00/015/partial,partial,partial,ok,0.667,0.35759195456138027,16.666666666666664
AlphaPose-MotionBERT,synthetic_c2/case_01_MansoryBrickLaying_00/017/partial,partial,partial,ok,0.667,0.3572168854566721,16.666666666666664
AlphaPose-MotionBERT,synthetic_c2/case_01_MansoryBrickLaying_00/018/partial,partial,partial,ok,0.667,0.35647176320736224,16.666666666666664
AlphaPose-MotionBERT,synthetic_c2/case_01_MansoryBrickLaying_00/020/partial,partial,partial,ok,0.667,0.3538263657918343,16.666666666666664
AlphaPose-MotionBERT,synthetic_c2/case_01_MansoryBrickLaying_00/022/partial,partial,partial,ok,0.667,0.35306014120578766,16.666666666666664
AlphaPose-MotionBERT,synthetic_c2/case_01_MansoryBrickLaying_00/024/partial,partial,partial,ok,0.667,0.3547115990748772,16.666666666666664
AlphaPose-MotionBERT,synthetic_c2/case_01_MansoryBrickLaying_00/026/partial,partial,partial,ok,0.667,0.354841506251922,16.666666666666664
AlphaPose-MotionBERT,synthetic_c2/case_01_MansoryBrickLaying_00/028/partial,partial,partial,ok,0.667,0.3562842836746803,16.666666666666664
AlphaPose-MotionBERT,synthetic_c2/case_01_MansoryBrickLaying_00/029/partial,partial,partial,ok,0.667,0.3573713841346594,16.666666666666664
AlphaPose-MotionBERT,synthetic_c2/case_01_MansoryBrickLaying_00/031/partial,partial,partial,ok,0.667,0.35799996784100163,16.666666666666664
AlphaPose-MotionBERT,synthetic_c2/case_01_MansoryBrickLaying_00/033/partial,partial,partial,ok,0.667,0.3579141039114732,16.666666666666664
AlphaPose-MotionBERT,synthetic_c2/case_01_MansoryBrickLaying_00/035/partial,partial,partial,ok,0.667,0.35773852123663974,16.666666666666664
AlphaPose-MotionBERT,synthetic_c2/case_01_MansoryBrickLaying_00/037/partial,partial,partial,ok,0.667,0.35772424707045924,16.666666666666664
AlphaPose-MotionBERT,synthetic_c2/case_01_MansoryBrickLaying_00/039/partial,partial,partial,ok,0.667,0.3557850672648503,16.666666666666664
AlphaPose-MotionBERT,synthetic_c2/case_01_MansoryBrickLaying_00/040/partial,partial,partial,ok,0.667,0.3545334270367256,16.666666666666664
AlphaPose-MotionBERT,synthetic_c2/case_01_MansoryBrickLaying_00/042/partial,partial,partial,ok,0.667,0.3541936232493474,16.666666666666664
AlphaPose-MotionBERT,synthetic_c2/case_01_MansoryBrickLaying_00/044/partial,partial,partial,ok,0.667,0.3533371090888977,16.666666666666664
AlphaPose-MotionBERT,synthetic_c2/case_02_MansoryBrickLaying_01/012/partial,partial,partial,ok,0.833,0.34464512994656193,0.0
AlphaPose-MotionBERT,synthetic_c2/case_02_MansoryBrickLaying_01/020/partial,partial,partial,ok,0.833,0.3360465466976166,16.666666666666664
AlphaPose-MotionBERT,synthetic_c2/case_02_MansoryBrickLaying_01/024/partial,partial,partial,ok,0.833,0.3356511707489307,33.33333333333333
AlphaPose-MotionBERT,synthetic_c2/case_02_MansoryBrickLaying_01/025/partial,partial,partial,ok,0.833,0.3393819641608458,33.33333333333333
AlphaPose-MotionBERT,synthetic_c2/case_03_MansoryBrickLaying_02/008/partial,partial,partial,ok,0.833,0.29488231528263825,0.0
AlphaPose-MotionBERT,synthetic_c2/case_03_MansoryBrickLaying_02/014/partial,partial,partial,ok,0.833,0.29694764889203584,0.0
AlphaPose-MotionBERT,synthetic_c2/case_03_MansoryBrickLaying_02/030/partial,partial,partial,ok,0.833,0.30133603857113767,0.0
AlphaPose-MotionBERT,synthetic_c2/case_03_MansoryBrickLaying_02/041/partial,partial,partial,ok,0.833,0.30213831193172014,0.0
AlphaPose-MotionBERT,synthetic_c2/case_03_MansoryBrickLaying_02/044/partial,partial,partial,ok,0.833,0.30134835151525646,0.0
AlphaPose-MotionBERT,synthetic_c2/case_04_MansoryCement_02/001/partial,partial,partial,ok,0.667,0.3774751596725904,0.0
AlphaPose-MotionBERT,synthetic_c2/case_04_MansoryCement_02/002/partial,partial,partial,ok,0.667,0.3771454290701793,0.0
AlphaPose-MotionBERT,synthetic_c2/case_04_MansoryCement_02/004/partial,partial,partial,ok,0.667,0.3771575219356097,0.0
AlphaPose-MotionBERT,synthetic_c2/case_04_MansoryCement_02/006/partial,partial,partial,ok,0.667,0.3770411243805519,0.0
AlphaPose-MotionBERT,synthetic_c2/case_04_MansoryCement_02/008/partial,partial,partial,ok,0.667,0.3765864693201505,0.0
AlphaPose-MotionBERT,synthetic_c2/case_04_MansoryCement_02/010/partial,partial,partial,ok,0.667,0.3767777429177211,0.0
AlphaPose-MotionBERT,synthetic_c2/case_04_MansoryCement_02/012/partial,partial,partial,ok,0.667,0.3769954683688971,0.0
AlphaPose-MotionBERT,synthetic_c2/case_04_MansoryCement_02/013/partial,partial,partial,ok,0.667,0.37709333919561827,0.0
AlphaPose-MotionBERT,synthetic_c2/case_04_MansoryCement_02/015/partial,partial,partial,ok,0.667,0.3776416721252295,0.0
AlphaPose-MotionBERT,synthetic_c2/case_04_MansoryCement_02/017/partial,partial,partial,ok,0.667,0.37814915294830614,0.0
AlphaPose-MotionBERT,synthetic_c2/case_04_MansoryCement_02/019/partial,partial,partial,ok,0.667,0.3786036933843906,0.0
AlphaPose-MotionBERT,synthetic_c2/case_04_MansoryCement_02/021/partial,partial,partial,ok,0.667,0.37923389214735764,0.0
AlphaPose-MotionBERT,synthetic_c2/case_04_MansoryCement_02/023/partial,partial,partial,ok,0.667,0.37984204521545994,0.0
AlphaPose-MotionBERT,synthetic_c2/case_04_MansoryCement_02/024/partial,partial,partial,ok,0.667,0.38002537534787106,0.0
AlphaPose-MotionBERT,synthetic_c2/case_04_MansoryCement_02/026/partial,partial,partial,ok,0.667,0.3801434372480099,0.0
AlphaPose-MotionBERT,synthetic_c2/case_04_MansoryCement_02/028/partial,partial,partial,ok,0.667,0.3801251844717906,0.0
AlphaPose-MotionBERT,synthetic_c2/case_04_MansoryCement_02/030/partial,partial,partial,ok,0.667,0.3798599816285647,0.0
AlphaPose-MotionBERT,synthetic_c2/case_04_MansoryCement_02/032/partial,partial,partial,ok,0.667,0.3794355174669853,0.0
AlphaPose-MotionBERT,synthetic_c2/case_04_MansoryCement_02/034/partial,partial,partial,ok,0.667,0.37929504078168136,0.0
AlphaPose-MotionBERT,synthetic_c2/case_04_MansoryCement_02/035/partial,partial,partial,ok,0.667,0.37929291220811695,0.0
AlphaPose-MotionBERT,synthetic_c2/case_04_MansoryCement_02/037/partial,partial,partial,ok,0.667,0.37930013010135066,0.0
AlphaPose-MotionBERT,synthetic_c2/case_04_MansoryCement_02/039/partial,partial,partial,ok,0.667,0.37968185314765346,0.0
AlphaPose-MotionBERT,synthetic_c2/case_04_MansoryCement_02/041/partial,partial,partial,ok,0.667,0.37947969138622284,0.0
AlphaPose-MotionBERT,synthetic_c2/case_04_MansoryCement_02/043/partial,partial,partial,ok,0.667,0.37979617714881897,0.0
AlphaPose-MotionBERT,synthetic_c2/case_05_RebarPlacement_00/002/partial,partial,partial,ok,0.833,0.32644194020674777,0.0
AlphaPose-MotionBERT,synthetic_c2/case_05_RebarPlacement_00/003/partial,partial,partial,ok,0.833,0.3276286010558789,0.0
AlphaPose-MotionBERT,synthetic_c2/case_05_RebarPlacement_00/023/partial,partial,partial,ok,0.833,0.34742746559473187,16.666666666666664
AlphaPose-MotionBERT,synthetic_c2/case_06_RebarTying_01/001/partial,partial,partial,ok,0.583,0.2894359655105151,0.0
AlphaPose-MotionBERT,synthetic_c2/case_06_RebarTying_01/003/partial,partial,partial,ok,0.75,0.2948017739332639,0.0
AlphaPose-MotionBERT,synthetic_c2/case_06_RebarTying_01/005/partial,partial,partial,ok,0.833,0.30174522216503435,0.0
AlphaPose-MotionBERT,synthetic_c2/case_06_RebarTying_01/009/partial,partial,partial,ok,0.75,0.3056865896169956,0.0
AlphaPose-MotionBERT,synthetic_c2/case_06_RebarTying_01/012/partial,partial,partial,ok,0.833,0.30882605795676893,0.0
AlphaPose-MotionBERT,synthetic_c2/case_06_RebarTying_01/016/partial,partial,partial,ok,0.833,0.3195359019132761,0.0
AlphaPose-MotionBERT,synthetic_c2/case_06_RebarTying_01/019/partial,partial,partial,ok,0.833,0.32328641013457227,0.0
AlphaPose-MotionBERT,synthetic_c2/case_06_RebarTying_01/022/partial,partial,partial,ok,0.75,0.3270239531993866,0.0
AlphaPose-MotionBERT,synthetic_c2/case_06_RebarTying_01/029/partial,partial,partial,ok,0.75,0.3312460814531033,0.0
AlphaPose-MotionBERT,synthetic_c2/case_06_RebarTying_01/035/partial,partial,partial,ok,0.583,0.33151256006497604,0.0
AlphaPose-MotionBERT,synthetic_c2/case_07_RebarTying_02/000/none,partial,none,ok,0.833,0.6214565199155074,0.0
AlphaPose-MotionBERT,synthetic_c2/case_07_RebarTying_02/000/partial,partial,partial,ok,0.5,0.45729591984015244,0.0
AlphaPose-MotionBERT,synthetic_c2/case_07_RebarTying_02/002/partial,partial,partial,ok,0.5,0.4677076351184111,0.0
AlphaPose-MotionBERT,synthetic_c2/case_07_RebarTying_02/004/partial,partial,partial,ok,0.5,0.4775765767464271,0.0
AlphaPose-MotionBERT,synthetic_c2/case_07_RebarTying_02/006/partial,partial,partial,ok,0.5,0.4832414434506343,0.0
AlphaPose-MotionBERT,synthetic_c2/case_07_RebarTying_02/007/partial,partial,partial,ok,0.583,0.4838761572654431,0.0
AlphaPose-MotionBERT,synthetic_c2/case_07_RebarTying_02/009/partial,partial,partial,ok,0.5,0.48360398984872377,0.0
AlphaPose-MotionBERT,synthetic_c2/case_07_RebarTying_02/010/partial,partial,partial,ok,0.583,0.4846268743276596,0.0
AlphaPose-MotionBERT,synthetic_c2/case_07_RebarTying_02/012/partial,partial,partial,ok,0.583,0.4830981229360287,0.0
AlphaPose-MotionBERT,synthetic_c2/case_07_RebarTying_02/014/partial,partial,partial,ok,0.583,0.47977770750339216,0.0
AlphaPose-MotionBERT,synthetic_c2/case_07_RebarTying_02/016/partial,partial,partial,ok,0.583,0.4788362796490009,0.0
AlphaPose-MotionBERT,synthetic_c2/case_07_RebarTying_02/018/partial,partial,partial,ok,0.583,0.47405425287210023,0.0
AlphaPose-MotionBERT,synthetic_c2/case_07_RebarTying_02/020/partial,partial,partial,ok,0.5,0.4810731273431044,0.0
AlphaPose-MotionBERT,synthetic_c2/case_07_RebarTying_02/021/partial,partial,partial,ok,0.5,0.4792124399772057,0.0
AlphaPose-MotionBERT,synthetic_c2/case_07_RebarTying_02/023/partial,partial,partial,ok,0.5,0.4769908980681346,0.0
AlphaPose-MotionBERT,synthetic_c2/case_07_RebarTying_02/025/partial,partial,partial,ok,0.5,0.47904151334212375,0.0
AlphaPose-MotionBERT,synthetic_c2/case_07_RebarTying_02/027/partial,partial,partial,ok,0.5,0.47694550110743594,0.0
AlphaPose-MotionBERT,synthetic_c2/case_07_RebarTying_02/028/partial,partial,partial,ok,0.5,0.4816871526149603,0.0
AlphaPose-MotionBERT,synthetic_c2/case_07_RebarTying_02/030/partial,partial,partial,ok,0.5,0.48627319358862364,0.0
AlphaPose-MotionBERT,synthetic_c2/case_07_RebarTying_02/031/none,partial,none,ok,0.833,0.625986438531142,0.0
AlphaPose-MotionBERT,synthetic_c2/case_07_RebarTying_02/032/partial,partial,partial,ok,0.5,0.4923020566885288,0.0
AlphaPose-MotionBERT,synthetic_c2/case_07_RebarTying_02/033/partial,partial,partial,ok,0.5,0.48639349983288693,0.0
AlphaPose-MotionBERT,synthetic_c2/case_07_RebarTying_02/034/partial,partial,partial,ok,0.5,0.49024840272389925,0.0
AlphaPose-MotionBERT,synthetic_c2/case_07_RebarTying_02/035/partial,partial,partial,ok,0.5,0.49152984298192537,0.0
AlphaPose-MotionBERT,synthetic_c2/case_07_RebarTying_02/037/partial,partial,partial,ok,0.583,0.4936780620079774,0.0
AlphaPose-MotionBERT,synthetic_c2/case_07_RebarTying_02/038/partial,partial,partial,ok,0.5,0.4936374735373717,0.0
AlphaPose-MotionBERT,synthetic_c2/case_07_RebarTying_02/041/partial,partial,partial,ok,0.5,0.4956722454382823,0.0
AlphaPose-MotionBERT,synthetic_c2/case_07_RebarTying_02/043/partial,partial,partial,ok,0.5,0.4972345061027087,0.0
AlphaPose-MotionBERT,synthetic_c2/case_08_WallPlacement_00/012/partial,partial,partial,ok,0.833,0.3829678468979322,0.0
AlphaPose-MotionBERT,synthetic_c2/case_01_MansoryBrickLaying_00/000/severe,severe,severe,ok,0.167,0.4086082703792132,16.666666666666664
AlphaPose-MotionBERT,synthetic_c2/case_01_MansoryBrickLaying_00/004/severe,severe,severe,ok,0.167,0.403586861032706,16.666666666666664
AlphaPose-MotionBERT,synthetic_c2/case_01_MansoryBrickLaying_00/008/severe,severe,severe,ok,0.0,0.40106441653691804,16.666666666666664
AlphaPose-MotionBERT,synthetic_c2/case_01_MansoryBrickLaying_00/012/severe,severe,severe,ok,0.0,0.4001559133713062,16.666666666666664
AlphaPose-MotionBERT,synthetic_c2/case_01_MansoryBrickLaying_00/016/severe,severe,severe,ok,0.0,0.3985598637507512,16.666666666666664
AlphaPose-MotionBERT,synthetic_c2/case_01_MansoryBrickLaying_00/020/severe,severe,severe,ok,0.167,0.3975026160478592,16.666666666666664
AlphaPose-MotionBERT,synthetic_c2/case_01_MansoryBrickLaying_00/025/severe,severe,severe,ok,0.167,0.3960052029444621,16.666666666666664
AlphaPose-MotionBERT,synthetic_c2/case_01_MansoryBrickLaying_00/029/severe,severe,severe,ok,0.167,0.39571178876436675,16.666666666666664
AlphaPose-MotionBERT,synthetic_c2/case_01_MansoryBrickLaying_00/033/severe,severe,severe,ok,0.0,0.39512793490519893,16.666666666666664
AlphaPose-MotionBERT,synthetic_c2/case_01_MansoryBrickLaying_00/037/severe,severe,severe,ok,0.167,0.3958074278556384,16.666666666666664
AlphaPose-MotionBERT,synthetic_c2/case_01_MansoryBrickLaying_00/041/severe,severe,severe,ok,0.167,0.39679749080768,16.666666666666664
AlphaPose-MotionBERT,synthetic_c2/case_02_MansoryBrickLaying_01/000/severe,severe,severe,ok,0.0,0.3005097084320508,0.0
AlphaPose-MotionBERT,synthetic_c2/case_02_MansoryBrickLaying_01/003/severe,severe,severe,ok,0.0,0.2985813824030069,0.0
AlphaPose-MotionBERT,synthetic_c2/case_02_MansoryBrickLaying_01/006/severe,severe,severe,ok,0.0,0.292162869985287,0.0
AlphaPose-MotionBERT,synthetic_c2/case_02_MansoryBrickLaying_01/010/severe,severe,severe,ok,0.0,0.2925329070824843,0.0
AlphaPose-MotionBERT,synthetic_c2/case_02_MansoryBrickLaying_01/014/severe,severe,severe,ok,0.0,0.29315123191246617,0.0
AlphaPose-MotionBERT,synthetic_c2/case_02_MansoryBrickLaying_01/017/partial,severe,partial,ok,0.0,0.33843873326595014,0.0
AlphaPose-MotionBERT,synthetic_c2/case_02_MansoryBrickLaying_01/021/severe,severe,severe,ok,0.0,0.29330988171008915,16.666666666666664
AlphaPose-MotionBERT,synthetic_c2/case_02_MansoryBrickLaying_01/025/severe,severe,severe,ok,0.0,0.29564707668928,0.0
AlphaPose-MotionBERT,synthetic_c2/case_02_MansoryBrickLaying_01/028/partial,severe,partial,ok,0.0,0.3417771584712542,16.666666666666664
AlphaPose-MotionBERT,synthetic_c2/case_02_MansoryBrickLaying_01/030/partial,severe,partial,ok,0.0,0.34233676011745745,16.666666666666664
AlphaPose-MotionBERT,synthetic_c2/case_02_MansoryBrickLaying_01/032/partial,severe,partial,ok,0.0,0.33867743382087123,33.33333333333333
AlphaPose-MotionBERT,synthetic_c2/case_02_MansoryBrickLaying_01/034/partial,severe,partial,ok,0.0,0.3369400524176084,33.33333333333333
AlphaPose-MotionBERT,synthetic_c2/case_02_MansoryBrickLaying_01/036/partial,severe,partial,ok,0.0,0.3348936644884256,33.33333333333333
AlphaPose-MotionBERT,synthetic_c2/case_02_MansoryBrickLaying_01/038/partial,severe,partial,ok,0.0,0.3350117046099443,16.666666666666664
AlphaPose-MotionBERT,synthetic_c2/case_02_MansoryBrickLaying_01/040/partial,severe,partial,ok,0.0,0.3294200324095212,0.0
AlphaPose-MotionBERT,synthetic_c2/case_02_MansoryBrickLaying_01/042/partial,severe,partial,ok,0.0,0.324171428497021,0.0
AlphaPose-MotionBERT,synthetic_c2/case_02_MansoryBrickLaying_01/044/partial,severe,partial,ok,0.0,0.3227847952109117,0.0
AlphaPose-MotionBERT,synthetic_c2/case_03_MansoryBrickLaying_02/003/severe,severe,severe,ok,0.0,0.284193130926444,0.0
AlphaPose-MotionBERT,synthetic_c2/case_03_MansoryBrickLaying_02/007/severe,severe,severe,ok,0.0,0.28592331951054245,0.0
AlphaPose-MotionBERT,synthetic_c2/case_03_MansoryBrickLaying_02/011/severe,severe,severe,ok,0.0,0.2876508701592684,0.0
AlphaPose-MotionBERT,synthetic_c2/case_03_MansoryBrickLaying_02/015/severe,severe,severe,ok,0.0,0.2895739015478354,0.0
AlphaPose-MotionBERT,synthetic_c2/case_03_MansoryBrickLaying_02/019/severe,severe,severe,ok,0.0,0.29091428578473055,0.0
AlphaPose-MotionBERT,synthetic_c2/case_03_MansoryBrickLaying_02/023/severe,severe,severe,ok,0.0,0.2967362398138413,0.0
AlphaPose-MotionBERT,synthetic_c2/case_03_MansoryBrickLaying_02/027/partial,severe,partial,ok,0.0,0.29985359425728136,0.0
AlphaPose-MotionBERT,synthetic_c2/case_03_MansoryBrickLaying_02/030/severe,severe,severe,ok,0.0,0.3004076224393569,0.0
AlphaPose-MotionBERT,synthetic_c2/case_03_MansoryBrickLaying_02/033/partial,severe,partial,ok,0.0,0.3018423433487232,0.0
AlphaPose-MotionBERT,synthetic_c2/case_03_MansoryBrickLaying_02/035/partial,severe,partial,ok,0.0,0.3020700720640329,0.0
AlphaPose-MotionBERT,synthetic_c2/case_03_MansoryBrickLaying_02/037/partial,severe,partial,ok,0.0,0.3020899146795273,0.0
AlphaPose-MotionBERT,synthetic_c2/case_03_MansoryBrickLaying_02/039/severe,severe,severe,ok,0.0,0.3017502182091658,0.0
AlphaPose-MotionBERT,synthetic_c2/case_03_MansoryBrickLaying_02/042/severe,severe,severe,ok,0.0,0.3020177063747094,0.0
AlphaPose-MotionBERT,synthetic_c2/case_04_MansoryCement_02/000/severe,severe,severe,ok,0.25,0.3811434358358383,0.0
AlphaPose-MotionBERT,synthetic_c2/case_04_MansoryCement_02/004/severe,severe,severe,ok,0.25,0.38076673906583053,0.0
AlphaPose-MotionBERT,synthetic_c2/case_04_MansoryCement_02/008/severe,severe,severe,ok,0.25,0.3809336469723628,0.0
AlphaPose-MotionBERT,synthetic_c2/case_04_MansoryCement_02/012/severe,severe,severe,ok,0.333,0.38182752751387083,0.0
AlphaPose-MotionBERT,synthetic_c2/case_04_MansoryCement_02/016/severe,severe,severe,ok,0.25,0.38153410301758695,0.0
AlphaPose-MotionBERT,synthetic_c2/case_04_MansoryCement_02/020/severe,severe,severe,ok,0.25,0.38242109005267805,0.0
AlphaPose-MotionBERT,synthetic_c2/case_04_MansoryCement_02/024/severe,severe,severe,ok,0.25,0.3833357130105679,0.0
AlphaPose-MotionBERT,synthetic_c2/case_04_MansoryCement_02/028/severe,severe,severe,ok,0.0,0.38429373044234055,0.0
AlphaPose-MotionBERT,synthetic_c2/case_04_MansoryCement_02/032/severe,severe,severe,ok,0.0,0.38551230843250567,0.0
AlphaPose-MotionBERT,synthetic_c2/case_04_MansoryCement_02/037/severe,severe,severe,ok,0.0,0.38548120168539196,0.0
AlphaPose-MotionBERT,synthetic_c2/case_04_MansoryCement_02/041/severe,severe,severe,ok,0.167,0.3858449940498059,0.0
AlphaPose-MotionBERT,synthetic_c2/case_05_RebarPlacement_00/000/severe,severe,severe,ok,0.0,0.2942997475083058,0.0
AlphaPose-MotionBERT,synthetic_c2/case_05_RebarPlacement_00/004/severe,severe,severe,ok,0.0,0.29359087405296475,0.0
AlphaPose-MotionBERT,synthetic_c2/case_05_RebarPlacement_00/008/severe,severe,severe,ok,0.0,0.29010154937322324,0.0
AlphaPose-MotionBERT,synthetic_c2/case_05_RebarPlacement_00/012/severe,severe,severe,ok,0.0,0.2923713974081553,0.0
AlphaPose-MotionBERT,synthetic_c2/case_05_RebarPlacement_00/016/severe,severe,severe,ok,0.0,0.2926755106219879,0.0
AlphaPose-MotionBERT,synthetic_c2/case_05_RebarPlacement_00/020/severe,severe,severe,ok,0.0,0.30040524441462296,16.666666666666664
AlphaPose-MotionBERT,synthetic_c2/case_05_RebarPlacement_00/024/severe,severe,severe,ok,0.0,0.29951010701748043,16.666666666666664
AlphaPose-MotionBERT,synthetic_c2/case_05_RebarPlacement_00/028/severe,severe,severe,ok,0.0,0.301349564240529,16.666666666666664
AlphaPose-MotionBERT,synthetic_c2/case_05_RebarPlacement_00/032/severe,severe,severe,ok,0.0,0.302000934114823,16.666666666666664
AlphaPose-MotionBERT,synthetic_c2/case_05_RebarPlacement_00/037/severe,severe,severe,ok,0.0,0.3056681121771152,16.666666666666664
AlphaPose-MotionBERT,synthetic_c2/case_05_RebarPlacement_00/041/severe,severe,severe,ok,0.0,0.312258875140777,16.666666666666664
AlphaPose-MotionBERT,synthetic_c2/case_06_RebarTying_01/000/severe,severe,severe,ok,0.0,0.2515195212685145,0.0
AlphaPose-MotionBERT,synthetic_c2/case_06_RebarTying_01/004/severe,severe,severe,ok,0.0,0.25887168313448244,16.666666666666664
AlphaPose-MotionBERT,synthetic_c2/case_06_RebarTying_01/008/severe,severe,severe,ok,0.0,0.26836106181144714,16.666666666666664
AlphaPose-MotionBERT,synthetic_c2/case_06_RebarTying_01/012/severe,severe,severe,ok,0.0,0.27796054230286527,16.666666666666664
AlphaPose-MotionBERT,synthetic_c2/case_06_RebarTying_01/016/severe,severe,severe,ok,0.0,0.2836543350265576,16.666666666666664
AlphaPose-MotionBERT,synthetic_c2/case_06_RebarTying_01/020/severe,severe,severe,ok,0.0,0.28413072858865446,16.666666666666664
AlphaPose-MotionBERT,synthetic_c2/case_06_RebarTying_01/023/severe,severe,severe,ok,0.0,0.2894285825582651,0.0
AlphaPose-MotionBERT,synthetic_c2/case_06_RebarTying_01/025/severe,severe,severe,ok,0.0,0.2854093754520783,0.0
AlphaPose-MotionBERT,synthetic_c2/case_06_RebarTying_01/027/severe,severe,severe,ok,0.0,0.2724113189257108,0.0
AlphaPose-MotionBERT,synthetic_c2/case_06_RebarTying_01/031/severe,severe,severe,ok,0.0,0.2719478142949251,0.0
AlphaPose-MotionBERT,synthetic_c2/case_06_RebarTying_01/034/severe,severe,severe,ok,0.0,0.2658396569582132,0.0
AlphaPose-MotionBERT,synthetic_c2/case_06_RebarTying_01/038/partial,severe,partial,ok,0.0,0.3307613077071997,0.0
AlphaPose-MotionBERT,synthetic_c2/case_06_RebarTying_01/040/partial,severe,partial,ok,0.0,0.32979851731887233,0.0
AlphaPose-MotionBERT,synthetic_c2/case_06_RebarTying_01/042/severe,severe,severe,ok,0.0,0.27035351212208086,0.0
AlphaPose-MotionBERT,synthetic_c2/case_07_RebarTying_02/000/severe,severe,severe,ok,0.0,0.5238762280115714,0.0
AlphaPose-MotionBERT,synthetic_c2/case_07_RebarTying_02/004/severe,severe,severe,ok,0.0,0.5133580370591238,0.0
AlphaPose-MotionBERT,synthetic_c2/case_07_RebarTying_02/008/severe,severe,severe,ok,0.0,0.4899303695330253,0.0
AlphaPose-MotionBERT,synthetic_c2/case_07_RebarTying_02/012/severe,severe,severe,ok,0.0,0.4802081057658562,0.0
AlphaPose-MotionBERT,synthetic_c2/case_07_RebarTying_02/016/severe,severe,severe,ok,0.0,0.470936126433886,0.0
AlphaPose-MotionBERT,synthetic_c2/case_07_RebarTying_02/020/severe,severe,severe,ok,0.0,0.4700173426132936,0.0
AlphaPose-MotionBERT,synthetic_c2/case_07_RebarTying_02/025/severe,severe,severe,ok,0.0,0.44848069892479825,0.0
AlphaPose-MotionBERT,synthetic_c2/case_07_RebarTying_02/029/severe,severe,severe,ok,0.0,0.48387068739304173,0.0
AlphaPose-MotionBERT,synthetic_c2/case_07_RebarTying_02/033/severe,severe,severe,ok,0.0,0.5530647658384763,16.666666666666664
AlphaPose-MotionBERT,synthetic_c2/case_07_RebarTying_02/037/severe,severe,severe,ok,0.0,0.5361746010872034,16.666666666666664
AlphaPose-MotionBERT,synthetic_c2/case_07_RebarTying_02/040/severe,severe,severe,ok,0.0,0.5651866736320349,33.33333333333333
AlphaPose-MotionBERT,synthetic_c2/case_07_RebarTying_02/044/severe,severe,severe,ok,0.0,0.5577626285644678,16.666666666666664
AlphaPose-MotionBERT,synthetic_c2/case_08_WallPlacement_00/003/severe,severe,severe,ok,0.0,0.3087443881309949,0.0
AlphaPose-MotionBERT,synthetic_c2/case_08_WallPlacement_00/007/severe,severe,severe,ok,0.0,0.3064802919442837,0.0
AlphaPose-MotionBERT,synthetic_c2/case_08_WallPlacement_00/011/severe,severe,severe,ok,0.0,0.3019763701237165,0.0
AlphaPose-MotionBERT,synthetic_c2/case_08_WallPlacement_00/015/severe,severe,severe,ok,0.0,0.3093627507870014,16.666666666666664
AlphaPose-MotionBERT,synthetic_c2/case_08_WallPlacement_00/019/severe,severe,severe,ok,0.0,0.3093546852469444,16.666666666666664
AlphaPose-MotionBERT,synthetic_c2/case_08_WallPlacement_00/024/severe,severe,severe,ok,0.0,0.30553177342965054,16.666666666666664
AlphaPose-MotionBERT,synthetic_c2/case_08_WallPlacement_00/028/severe,severe,severe,ok,0.0,0.3046270121748631,16.666666666666664
AlphaPose-MotionBERT,synthetic_c2/case_08_WallPlacement_00/032/severe,severe,severe,ok,0.0,0.30356333634028065,16.666666666666664
AlphaPose-MotionBERT,synthetic_c2/case_08_WallPlacement_00/036/severe,severe,severe,ok,0.0,0.303067616545237,16.666666666666664
AlphaPose-MotionBERT,synthetic_c2/case_08_WallPlacement_00/040/severe,severe,severe,ok,0.0,0.3033442927094606,16.666666666666664
AlphaPose-MotionBERT,synthetic_c2/case_08_WallPlacement_00/044/severe,severe,severe,ok,0.0,0.30319281208973664,16.666666666666664
