sample_id,sequence,frame_number,frame_path,bbox_x1,bbox_y1,bbox_x2,bbox_y2,intended_level,analysis_severity,visible_joint_ratio_body12,detection_status,base_sequence,base_frame_number,synthetic_image_path,pipeline_status,seconds,prediction_path,error
synthetic_c2/case_01_MansoryBrickLaying_00/000/none,case_01_MansoryBrickLaying_00__none,0,<private_workspace>/m1/outputs/synthetic_occlusion/video_cases_c2/images/case_01_MansoryBrickLaying_00/none/image_01221.jpg,492.39,57.56,659.56,385.04,none,none,1.0,ok,MansoryBrickLaying_00,1221,<private_workspace>/m1/outputs/synthetic_occlusion/video_cases_c2/images/case_01_MansoryBrickLaying_00/none/image_01221.jpg,ok,0.000,<private_workspace>/m1/outputs/predictions/synthetic_c2_sam3db_balanced100/synthetic_c2__case_01_MansoryBrickLaying_00__000__none.npz,
synthetic_c2/case_01_MansoryBrickLaying_00/017/none,case_01_MansoryBrickLaying_00__none,17,<private_workspace>/m1/outputs/synthetic_occlusion/video_cases_c2/images/case_01_MansoryBrickLaying_00/none/image_01238.jpg,506.3,59.01,630.89,380.33,none,none,1.0,ok,MansoryBrickLaying_00,1238,<private_workspace>/m1/outputs/synthetic_occlusion/video_cases_c2/images/case_01_MansoryBrickLaying_00/none/image_01238.jpg,ok,23.234,<private_workspace>/m1/outputs/predictions/synthetic_c2_sam3db_balanced100/synthetic_c2__case_01_MansoryBrickLaying_00__017__none.npz,
synthetic_c2/case_01_MansoryBrickLaying_00/034/none,case_01_MansoryBrickLaying_00__none,34,<private_workspace>/m1/outputs/synthetic_occlusion/video_cases_c2/images/case_01_MansoryBrickLaying_00/none/image_01255.jpg,510.45,57.37,626.9,385.34,none,none,1.0,ok,MansoryBrickLaying_00,1255,<private_workspace>/m1/outputs/synthetic_occlusion/video_cases_c2/images/case_01_MansoryBrickLaying_00/none/image_01255.jpg,ok,24.450,<private_workspace>/m1/outputs/predictions/synthetic_c2_sam3db_balanced100/synthetic_c2__case_01_MansoryBrickLaying_00__034__none.npz,
synthetic_c2/case_02_MansoryBrickLaying_01/003/none,case_02_MansoryBrickLaying_01__none,3,<private_workspace>/m1/outputs/synthetic_occlusion/video_cases_c2/images/case_02_MansoryBrickLaying_01/none/image_00253.jpg,486.48,37.87,626.49,381.26,none,none,1.0,ok,MansoryBrickLaying_01,253,<private_workspace>/m1/outputs/synthetic_occlusion/video_cases_c2/images/case_02_MansoryBrickLaying_01/none/image_00253.jpg,ok,25.454,<private_workspace>/m1/outputs/predictions/synthetic_c2_sam3db_balanced100/synthetic_c2__case_02_MansoryBrickLaying_01__003__none.npz,
synthetic_c2/case_02_MansoryBrickLaying_01/013/partial,case_02_MansoryBrickLaying_01__partial,13,<private_workspace>/m1/outputs/synthetic_occlusion/video_cases_c2/images/case_02_MansoryBrickLaying_01/partial/image_00263.jpg,458.76,38.64,618.81,379.18,partial,none,0.917,ok,MansoryBrickLaying_01,263,<private_workspace>/m1/outputs/synthetic_occlusion/video_cases_c2/images/case_02_MansoryBrickLaying_01/partial/image_00263.jpg,ok,25.615,<private_workspace>/m1/outputs/predictions/synthetic_c2_sam3db_balanced100/synthetic_c2__case_02_MansoryBrickLaying_01__013__partial.npz,
synthetic_c2/case_02_MansoryBrickLaying_01/024/none,case_02_MansoryBrickLaying_01__none,24,<private_workspace>/m1/outputs/synthetic_occlusion/video_cases_c2/images/case_02_MansoryBrickLaying_01/none/image_00274.jpg,428.65,43.65,598.08,380.9,none,none,1.0,ok,MansoryBrickLaying_01,274,<private_workspace>/m1/outputs/synthetic_occlusion/video_cases_c2/images/case_02_MansoryBrickLaying_01/none/image_00274.jpg,ok,0.000,<private_workspace>/m1/outputs/predictions/synthetic_c2_sam3db_balanced100/synthetic_c2__case_02_MansoryBrickLaying_01__024__none.npz,
synthetic_c2/case_02_MansoryBrickLaying_01/040/none,case_02_MansoryBrickLaying_01__none,40,<private_workspace>/m1/outputs/synthetic_occlusion/video_cases_c2/images/case_02_MansoryBrickLaying_01/none/image_00290.jpg,398.01,100.5,585.81,375.5,none,none,1.0,ok,MansoryBrickLaying_01,290,<private_workspace>/m1/outputs/synthetic_occlusion/video_cases_c2/images/case_02_MansoryBrickLaying_01/none/image_00290.jpg,ok,25.348,<private_workspace>/m1/outputs/predictions/synthetic_c2_sam3db_balanced100/synthetic_c2__case_02_MansoryBrickLaying_01__040__none.npz,
synthetic_c2/case_03_MansoryBrickLaying_02/006/partial,case_03_MansoryBrickLaying_02__partial,6,<private_workspace>/m1/outputs/synthetic_occlusion/video_cases_c2/images/case_03_MansoryBrickLaying_02/partial/image_00095.jpg,513.83,56.49,644.16,383.49,partial,none,0.917,ok,MansoryBrickLaying_02,95,<private_workspace>/m1/outputs/synthetic_occlusion/video_cases_c2/images/case_03_MansoryBrickLaying_02/partial/image_00095.jpg,ok,25.501,<private_workspace>/m1/outputs/predictions/synthetic_c2_sam3db_balanced100/synthetic_c2__case_03_MansoryBrickLaying_02__006__partial.npz,
synthetic_c2/case_03_MansoryBrickLaying_02/016/partial,case_03_MansoryBrickLaying_02__partial,16,<private_workspace>/m1/outputs/synthetic_occlusion/video_cases_c2/images/case_03_MansoryBrickLaying_02/partial/image_00105.jpg,502.09,53.62,636.36,379.78,partial,none,0.917,ok,MansoryBrickLaying_02,105,<private_workspace>/m1/outputs/synthetic_occlusion/video_cases_c2/images/case_03_MansoryBrickLaying_02/partial/image_00105.jpg,ok,25.364,<private_workspace>/m1/outputs/predictions/synthetic_c2_sam3db_balanced100/synthetic_c2__case_03_MansoryBrickLaying_02__016__partial.npz,
synthetic_c2/case_03_MansoryBrickLaying_02/025/none,case_03_MansoryBrickLaying_02__none,25,<private_workspace>/m1/outputs/synthetic_occlusion/video_cases_c2/images/case_03_MansoryBrickLaying_02/none/image_00114.jpg,490.96,55.88,636.97,383.91,none,none,1.0,ok,MansoryBrickLaying_02,114,<private_workspace>/m1/outputs/synthetic_occlusion/video_cases_c2/images/case_03_MansoryBrickLaying_02/none/image_00114.jpg,ok,24.801,<private_workspace>/m1/outputs/predictions/synthetic_c2_sam3db_balanced100/synthetic_c2__case_03_MansoryBrickLaying_02__025__none.npz,
synthetic_c2/case_03_MansoryBrickLaying_02/039/none,case_03_MansoryBrickLaying_02__none,39,<private_workspace>/m1/outputs/synthetic_occlusion/video_cases_c2/images/case_03_MansoryBrickLaying_02/none/image_00128.jpg,488.57,55.24,618.76,375.33,none,none,1.0,ok,MansoryBrickLaying_02,128,<private_workspace>/m1/outputs/synthetic_occlusion/video_cases_c2/images/case_03_MansoryBrickLaying_02/none/image_00128.jpg,ok,25.951,<private_workspace>/m1/outputs/predictions/synthetic_c2_sam3db_balanced100/synthetic_c2__case_03_MansoryBrickLaying_02__039__none.npz,
synthetic_c2/case_04_MansoryCement_02/011/none,case_04_MansoryCement_02__none,11,<private_workspace>/m1/outputs/synthetic_occlusion/video_cases_c2/images/case_04_MansoryCement_02/none/image_04659.jpg,527.2,274.31,653.3,566.9,none,none,1.0,ok,MansoryCement_02,4659,<private_workspace>/m1/outputs/synthetic_occlusion/video_cases_c2/images/case_04_MansoryCement_02/none/image_04659.jpg,ok,24.673,<private_workspace>/m1/outputs/predictions/synthetic_c2_sam3db_balanced100/synthetic_c2__case_04_MansoryCement_02__011__none.npz,
synthetic_c2/case_04_MansoryCement_02/028/none,case_04_MansoryCement_02__none,28,<private_workspace>/m1/outputs/synthetic_occlusion/video_cases_c2/images/case_04_MansoryCement_02/none/image_04676.jpg,526.85,273.86,654.94,565.72,none,none,1.0,ok,MansoryCement_02,4676,<private_workspace>/m1/outputs/synthetic_occlusion/video_cases_c2/images/case_04_MansoryCement_02/none/image_04676.jpg,ok,0.000,<private_workspace>/m1/outputs/predictions/synthetic_c2_sam3db_balanced100/synthetic_c2__case_04_MansoryCement_02__028__none.npz,
synthetic_c2/case_05_RebarPlacement_00/000/none,case_05_RebarPlacement_00__none,0,<private_workspace>/m1/outputs/synthetic_occlusion/video_cases_c2/images/case_05_RebarPlacement_00/none/image_01908.jpg,533.73,115.83,741.77,585.46,none,none,1.0,ok,RebarPlacement_00,1908,<private_workspace>/m1/outputs/synthetic_occlusion/video_cases_c2/images/case_05_RebarPlacement_00/none/image_01908.jpg,ok,23.571,<private_workspace>/m1/outputs/predictions/synthetic_c2_sam3db_balanced100/synthetic_c2__case_05_RebarPlacement_00__000__none.npz,
synthetic_c2/case_05_RebarPlacement_00/009/partial,case_05_RebarPlacement_00__partial,9,<private_workspace>/m1/outputs/synthetic_occlusion/video_cases_c2/images/case_05_RebarPlacement_00/partial/image_01917.jpg,531.53,89.07,772.41,606.55,partial,none,1.0,ok,RebarPlacement_00,1917,<private_workspace>/m1/outputs/synthetic_occlusion/video_cases_c2/images/case_05_RebarPlacement_00/partial/image_01917.jpg,ok,25.189,<private_workspace>/m1/outputs/predictions/synthetic_c2_sam3db_balanced100/synthetic_c2__case_05_RebarPlacement_00__009__partial.npz,
synthetic_c2/case_05_RebarPlacement_00/017/partial,case_05_RebarPlacement_00__partial,17,<private_workspace>/m1/outputs/synthetic_occlusion/video_cases_c2/images/case_05_RebarPlacement_00/partial/image_01925.jpg,535.86,75.34,770.42,598.64,partial,none,1.0,ok,RebarPlacement_00,1925,<private_workspace>/m1/outputs/synthetic_occlusion/video_cases_c2/images/case_05_RebarPlacement_00/partial/image_01925.jpg,ok,24.889,<private_workspace>/m1/outputs/predictions/synthetic_c2_sam3db_balanced100/synthetic_c2__case_05_RebarPlacement_00__017__partial.npz,
synthetic_c2/case_05_RebarPlacement_00/027/none,case_05_RebarPlacement_00__none,27,<private_workspace>/m1/outputs/synthetic_occlusion/video_cases_c2/images/case_05_RebarPlacement_00/none/image_01935.jpg,532.44,72.85,744.82,617.18,none,none,1.0,ok,RebarPlacement_00,1935,<private_workspace>/m1/outputs/synthetic_occlusion/video_cases_c2/images/case_05_RebarPlacement_00/none/image_01935.jpg,ok,23.879,<private_workspace>/m1/outputs/predictions/synthetic_c2_sam3db_balanced100/synthetic_c2__case_05_RebarPlacement_00__027__none.npz,
synthetic_c2/case_05_RebarPlacement_00/035/partial,case_05_RebarPlacement_00__partial,35,<private_workspace>/m1/outputs/synthetic_occlusion/video_cases_c2/images/case_05_RebarPlacement_00/partial/image_01943.jpg,515.27,64.63,737.99,639.47,partial,none,0.917,ok,RebarPlacement_00,1943,<private_workspace>/m1/outputs/synthetic_occlusion/video_cases_c2/images/case_05_RebarPlacement_00/partial/image_01943.jpg,ok,23.763,<private_workspace>/m1/outputs/predictions/synthetic_c2_sam3db_balanced100/synthetic_c2__case_05_RebarPlacement_00__035__partial.npz,
synthetic_c2/case_05_RebarPlacement_00/044/none,case_05_RebarPlacement_00__none,44,<private_workspace>/m1/outputs/synthetic_occlusion/video_cases_c2/images/case_05_RebarPlacement_00/none/image_01952.jpg,488.1,46.88,708.73,639.97,none,none,1.0,ok,RebarPlacement_00,1952,<private_workspace>/m1/outputs/synthetic_occlusion/video_cases_c2/images/case_05_RebarPlacement_00/none/image_01952.jpg,ok,23.854,<private_workspace>/m1/outputs/predictions/synthetic_c2_sam3db_balanced100/synthetic_c2__case_05_RebarPlacement_00__044__none.npz,
synthetic_c2/case_06_RebarTying_01/011/partial,case_06_RebarTying_01__partial,11,<private_workspace>/m1/outputs/synthetic_occlusion/video_cases_c2/images/case_06_RebarTying_01/partial/image_00307.jpg,438.91,188.75,631.38,588.12,partial,none,0.917,ok,RebarTying_01,307,<private_workspace>/m1/outputs/synthetic_occlusion/video_cases_c2/images/case_06_RebarTying_01/partial/image_00307.jpg,ok,24.227,<private_workspace>/m1/outputs/predictions/synthetic_c2_sam3db_balanced100/synthetic_c2__case_06_RebarTying_01__011__partial.npz,
synthetic_c2/case_06_RebarTying_01/024/none,case_06_RebarTying_01__none,24,<private_workspace>/m1/outputs/synthetic_occlusion/video_cases_c2/images/case_06_RebarTying_01/none/image_00320.jpg,368.6,200.19,519.2,606.52,none,none,1.0,ok,RebarTying_01,320,<private_workspace>/m1/outputs/synthetic_occlusion/video_cases_c2/images/case_06_RebarTying_01/none/image_00320.jpg,ok,24.142,<private_workspace>/m1/outputs/predictions/synthetic_c2_sam3db_balanced100/synthetic_c2__case_06_RebarTying_01__024__none.npz,
synthetic_c2/case_06_RebarTying_01/037/partial,case_06_RebarTying_01__partial,37,<private_workspace>/m1/outputs/synthetic_occlusion/video_cases_c2/images/case_06_RebarTying_01/partial/image_00333.jpg,280.05,230.39,486.37,615.7,partial,none,0.917,ok,RebarTying_01,333,<private_workspace>/m1/outputs/synthetic_occlusion/video_cases_c2/images/case_06_RebarTying_01/partial/image_00333.jpg,ok,24.140,<private_workspace>/m1/outputs/predictions/synthetic_c2_sam3db_balanced100/synthetic_c2__case_06_RebarTying_01__037__partial.npz,
synthetic_c2/case_07_RebarTying_02/010/none,case_07_RebarTying_02__none,10,<private_workspace>/m1/outputs/synthetic_occlusion/video_cases_c2/images/case_07_RebarTying_02/none/image_00216.jpg,877.22,354.8,1056.5,580.59,none,none,0.917,ok,RebarTying_02,216,<private_workspace>/m1/outputs/synthetic_occlusion/video_cases_c2/images/case_07_RebarTying_02/none/image_00216.jpg,ok,23.931,<private_workspace>/m1/outputs/predictions/synthetic_c2_sam3db_balanced100/synthetic_c2__case_07_RebarTying_02__010__none.npz,
synthetic_c2/case_07_RebarTying_02/027/none,case_07_RebarTying_02__none,27,<private_workspace>/m1/outputs/synthetic_occlusion/video_cases_c2/images/case_07_RebarTying_02/none/image_00233.jpg,881.19,354.6,1054.1,583.26,none,none,0.917,ok,RebarTying_02,233,<private_workspace>/m1/outputs/synthetic_occlusion/video_cases_c2/images/case_07_RebarTying_02/none/image_00233.jpg,ok,23.941,<private_workspace>/m1/outputs/predictions/synthetic_c2_sam3db_balanced100/synthetic_c2__case_07_RebarTying_02__027__none.npz,
synthetic_c2/case_08_WallPlacement_00/002/none,case_08_WallPlacement_00__none,2,<private_workspace>/m1/outputs/synthetic_occlusion/video_cases_c2/images/case_08_WallPlacement_00/none/image_01241.jpg,536.09,158.21,934.09,944.0,none,none,1.0,ok,WallPlacement_00,1241,<private_workspace>/m1/outputs/synthetic_occlusion/video_cases_c2/images/case_08_WallPlacement_00/none/image_01241.jpg,ok,23.869,<private_workspace>/m1/outputs/predictions/synthetic_c2_sam3db_balanced100/synthetic_c2__case_08_WallPlacement_00__002__none.npz,
synthetic_c2/case_08_WallPlacement_00/010/none,case_08_WallPlacement_00__none,10,<private_workspace>/m1/outputs/synthetic_occlusion/video_cases_c2/images/case_08_WallPlacement_00/none/image_01249.jpg,527.57,160.83,928.69,944.34,none,none,1.0,ok,WallPlacement_00,1249,<private_workspace>/m1/outputs/synthetic_occlusion/video_cases_c2/images/case_08_WallPlacement_00/none/image_01249.jpg,ok,24.124,<private_workspace>/m1/outputs/predictions/synthetic_c2_sam3db_balanced100/synthetic_c2__case_08_WallPlacement_00__010__none.npz,
synthetic_c2/case_08_WallPlacement_00/019/none,case_08_WallPlacement_00__none,19,<private_workspace>/m1/outputs/synthetic_occlusion/video_cases_c2/images/case_08_WallPlacement_00/none/image_01258.jpg,535.51,157.26,931.33,946.44,none,none,1.0,ok,WallPlacement_00,1258,<private_workspace>/m1/outputs/synthetic_occlusion/video_cases_c2/images/case_08_WallPlacement_00/none/image_01258.jpg,ok,24.119,<private_workspace>/m1/outputs/predictions/synthetic_c2_sam3db_balanced100/synthetic_c2__case_08_WallPlacement_00__019__none.npz,
synthetic_c2/case_08_WallPlacement_00/027/partial,case_08_WallPlacement_00__partial,27,<private_workspace>/m1/outputs/synthetic_occlusion/video_cases_c2/images/case_08_WallPlacement_00/partial/image_01266.jpg,532.61,150.6,929.75,947.57,partial,none,0.917,ok,WallPlacement_00,1266,<private_workspace>/m1/outputs/synthetic_occlusion/video_cases_c2/images/case_08_WallPlacement_00/partial/image_01266.jpg,ok,24.157,<private_workspace>/m1/outputs/predictions/synthetic_c2_sam3db_balanced100/synthetic_c2__case_08_WallPlacement_00__027__partial.npz,
synthetic_c2/case_08_WallPlacement_00/036/none,case_08_WallPlacement_00__none,36,<private_workspace>/m1/outputs/synthetic_occlusion/video_cases_c2/images/case_08_WallPlacement_00/none/image_01275.jpg,549.1,145.57,931.67,944.57,none,none,1.0,ok,WallPlacement_00,1275,<private_workspace>/m1/outputs/synthetic_occlusion/video_cases_c2/images/case_08_WallPlacement_00/none/image_01275.jpg,ok,26.046,<private_workspace>/m1/outputs/predictions/synthetic_c2_sam3db_balanced100/synthetic_c2__case_08_WallPlacement_00__036__none.npz,
synthetic_c2/case_08_WallPlacement_00/044/partial,case_08_WallPlacement_00__partial,44,<private_workspace>/m1/outputs/synthetic_occlusion/video_cases_c2/images/case_08_WallPlacement_00/partial/image_01283.jpg,555.68,141.27,932.37,945.13,partial,none,0.917,ok,WallPlacement_00,1283,<private_workspace>/m1/outputs/synthetic_occlusion/video_cases_c2/images/case_08_WallPlacement_00/partial/image_01283.jpg,ok,25.582,<private_workspace>/m1/outputs/predictions/synthetic_c2_sam3db_balanced100/synthetic_c2__case_08_WallPlacement_00__044__partial.npz,
synthetic_c2/case_01_MansoryBrickLaying_00/000/partial,case_01_MansoryBrickLaying_00__partial,0,<private_workspace>/m1/outputs/synthetic_occlusion/video_cases_c2/images/case_01_MansoryBrickLaying_00/partial/image_01221.jpg,492.39,57.56,659.56,385.04,partial,partial,0.667,ok,MansoryBrickLaying_00,1221,<private_workspace>/m1/outputs/synthetic_occlusion/video_cases_c2/images/case_01_MansoryBrickLaying_00/partial/image_01221.jpg,ok,24.383,<private_workspace>/m1/outputs/predictions/synthetic_c2_sam3db_balanced100/synthetic_c2__case_01_MansoryBrickLaying_00__000__partial.npz,
synthetic_c2/case_01_MansoryBrickLaying_00/006/partial,case_01_MansoryBrickLaying_00__partial,6,<private_workspace>/m1/outputs/synthetic_occlusion/video_cases_c2/images/case_01_MansoryBrickLaying_00/partial/image_01227.jpg,502.37,51.94,655.97,383.16,partial,partial,0.667,ok,MansoryBrickLaying_00,1227,<private_workspace>/m1/outputs/synthetic_occlusion/video_cases_c2/images/case_01_MansoryBrickLaying_00/partial/image_01227.jpg,ok,23.958,<private_workspace>/m1/outputs/predictions/synthetic_c2_sam3db_balanced100/synthetic_c2__case_01_MansoryBrickLaying_00__006__partial.npz,
synthetic_c2/case_01_MansoryBrickLaying_00/013/partial,case_01_MansoryBrickLaying_00__partial,13,<private_workspace>/m1/outputs/synthetic_occlusion/video_cases_c2/images/case_01_MansoryBrickLaying_00/partial/image_01234.jpg,504.68,53.77,633.65,379.55,partial,partial,0.667,ok,MansoryBrickLaying_00,1234,<private_workspace>/m1/outputs/synthetic_occlusion/video_cases_c2/images/case_01_MansoryBrickLaying_00/partial/image_01234.jpg,ok,23.919,<private_workspace>/m1/outputs/predictions/synthetic_c2_sam3db_balanced100/synthetic_c2__case_01_MansoryBrickLaying_00__013__partial.npz,
synthetic_c2/case_01_MansoryBrickLaying_00/019/partial,case_01_MansoryBrickLaying_00__partial,19,<private_workspace>/m1/outputs/synthetic_occlusion/video_cases_c2/images/case_01_MansoryBrickLaying_00/partial/image_01240.jpg,507.92,61.45,632.13,380.11,partial,partial,0.667,ok,MansoryBrickLaying_00,1240,<private_workspace>/m1/outputs/synthetic_occlusion/video_cases_c2/images/case_01_MansoryBrickLaying_00/partial/image_01240.jpg,ok,23.798,<private_workspace>/m1/outputs/predictions/synthetic_c2_sam3db_balanced100/synthetic_c2__case_01_MansoryBrickLaying_00__019__partial.npz,
synthetic_c2/case_01_MansoryBrickLaying_00/025/partial,case_01_MansoryBrickLaying_00__partial,25,<private_workspace>/m1/outputs/synthetic_occlusion/video_cases_c2/images/case_01_MansoryBrickLaying_00/partial/image_01246.jpg,504.17,56.77,627.12,383.1,partial,partial,0.667,ok,MansoryBrickLaying_00,1246,<private_workspace>/m1/outputs/synthetic_occlusion/video_cases_c2/images/case_01_MansoryBrickLaying_00/partial/image_01246.jpg,ok,23.811,<private_workspace>/m1/outputs/predictions/synthetic_c2_sam3db_balanced100/synthetic_c2__case_01_MansoryBrickLaying_00__025__partial.npz,
synthetic_c2/case_01_MansoryBrickLaying_00/031/partial,case_01_MansoryBrickLaying_00__partial,31,<private_workspace>/m1/outputs/synthetic_occlusion/video_cases_c2/images/case_01_MansoryBrickLaying_00/partial/image_01252.jpg,510.83,58.84,628.29,383.62,partial,partial,0.667,ok,MansoryBrickLaying_00,1252,<private_workspace>/m1/outputs/synthetic_occlusion/video_cases_c2/images/case_01_MansoryBrickLaying_00/partial/image_01252.jpg,ok,24.098,<private_workspace>/m1/outputs/predictions/synthetic_c2_sam3db_balanced100/synthetic_c2__case_01_MansoryBrickLaying_00__031__partial.npz,
synthetic_c2/case_01_MansoryBrickLaying_00/038/partial,case_01_MansoryBrickLaying_00__partial,38,<private_workspace>/m1/outputs/synthetic_occlusion/video_cases_c2/images/case_01_MansoryBrickLaying_00/partial/image_01259.jpg,508.37,59.44,618.42,379.52,partial,partial,0.667,ok,MansoryBrickLaying_00,1259,<private_workspace>/m1/outputs/synthetic_occlusion/video_cases_c2/images/case_01_MansoryBrickLaying_00/partial/image_01259.jpg,ok,24.106,<private_workspace>/m1/outputs/predictions/synthetic_c2_sam3db_balanced100/synthetic_c2__case_01_MansoryBrickLaying_00__038__partial.npz,
synthetic_c2/case_01_MansoryBrickLaying_00/044/partial,case_01_MansoryBrickLaying_00__partial,44,<private_workspace>/m1/outputs/synthetic_occlusion/video_cases_c2/images/case_01_MansoryBrickLaying_00/partial/image_01265.jpg,495.97,58.6,618.68,380.29,partial,partial,0.667,ok,MansoryBrickLaying_00,1265,<private_workspace>/m1/outputs/synthetic_occlusion/video_cases_c2/images/case_01_MansoryBrickLaying_00/partial/image_01265.jpg,ok,24.995,<private_workspace>/m1/outputs/predictions/synthetic_c2_sam3db_balanced100/synthetic_c2__case_01_MansoryBrickLaying_00__044__partial.npz,
synthetic_c2/case_02_MansoryBrickLaying_01/024/partial,case_02_MansoryBrickLaying_01__partial,24,<private_workspace>/m1/outputs/synthetic_occlusion/video_cases_c2/images/case_02_MansoryBrickLaying_01/partial/image_00274.jpg,428.65,43.65,598.08,380.9,partial,partial,0.833,ok,MansoryBrickLaying_01,274,<private_workspace>/m1/outputs/synthetic_occlusion/video_cases_c2/images/case_02_MansoryBrickLaying_01/partial/image_00274.jpg,ok,25.929,<private_workspace>/m1/outputs/predictions/synthetic_c2_sam3db_balanced100/synthetic_c2__case_02_MansoryBrickLaying_01__024__partial.npz,
synthetic_c2/case_03_MansoryBrickLaying_02/028/partial,case_03_MansoryBrickLaying_02__partial,28,<private_workspace>/m1/outputs/synthetic_occlusion/video_cases_c2/images/case_03_MansoryBrickLaying_02/partial/image_00117.jpg,488.12,56.59,629.89,378.03,partial,partial,0.833,ok,MansoryBrickLaying_02,117,<private_workspace>/m1/outputs/synthetic_occlusion/video_cases_c2/images/case_03_MansoryBrickLaying_02/partial/image_00117.jpg,ok,25.489,<private_workspace>/m1/outputs/predictions/synthetic_c2_sam3db_balanced100/synthetic_c2__case_03_MansoryBrickLaying_02__028__partial.npz,
synthetic_c2/case_04_MansoryCement_02/001/partial,case_04_MansoryCement_02__partial,1,<private_workspace>/m1/outputs/synthetic_occlusion/video_cases_c2/images/case_04_MansoryCement_02/partial/image_04649.jpg,530.54,271.42,651.51,568.95,partial,partial,0.667,ok,MansoryCement_02,4649,<private_workspace>/m1/outputs/synthetic_occlusion/video_cases_c2/images/case_04_MansoryCement_02/partial/image_04649.jpg,ok,25.641,<private_workspace>/m1/outputs/predictions/synthetic_c2_sam3db_balanced100/synthetic_c2__case_04_MansoryCement_02__001__partial.npz,
synthetic_c2/case_04_MansoryCement_02/007/partial,case_04_MansoryCement_02__partial,7,<private_workspace>/m1/outputs/synthetic_occlusion/video_cases_c2/images/case_04_MansoryCement_02/partial/image_04655.jpg,528.48,273.46,651.16,561.06,partial,partial,0.667,ok,MansoryCement_02,4655,<private_workspace>/m1/outputs/synthetic_occlusion/video_cases_c2/images/case_04_MansoryCement_02/partial/image_04655.jpg,ok,25.671,<private_workspace>/m1/outputs/predictions/synthetic_c2_sam3db_balanced100/synthetic_c2__case_04_MansoryCement_02__007__partial.npz,
synthetic_c2/case_04_MansoryCement_02/013/partial,case_04_MansoryCement_02__partial,13,<private_workspace>/m1/outputs/synthetic_occlusion/video_cases_c2/images/case_04_MansoryCement_02/partial/image_04661.jpg,527.17,274.68,653.47,567.33,partial,partial,0.667,ok,MansoryCement_02,4661,<private_workspace>/m1/outputs/synthetic_occlusion/video_cases_c2/images/case_04_MansoryCement_02/partial/image_04661.jpg,ok,25.487,<private_workspace>/m1/outputs/predictions/synthetic_c2_sam3db_balanced100/synthetic_c2__case_04_MansoryCement_02__013__partial.npz,
synthetic_c2/case_04_MansoryCement_02/020/partial,case_04_MansoryCement_02__partial,20,<private_workspace>/m1/outputs/synthetic_occlusion/video_cases_c2/images/case_04_MansoryCement_02/partial/image_04668.jpg,527.12,274.37,654.13,566.66,partial,partial,0.667,ok,MansoryCement_02,4668,<private_workspace>/m1/outputs/synthetic_occlusion/video_cases_c2/images/case_04_MansoryCement_02/partial/image_04668.jpg,ok,25.428,<private_workspace>/m1/outputs/predictions/synthetic_c2_sam3db_balanced100/synthetic_c2__case_04_MansoryCement_02__020__partial.npz,
synthetic_c2/case_04_MansoryCement_02/026/partial,case_04_MansoryCement_02__partial,26,<private_workspace>/m1/outputs/synthetic_occlusion/video_cases_c2/images/case_04_MansoryCement_02/partial/image_04674.jpg,526.9,273.49,654.5,566.23,partial,partial,0.667,ok,MansoryCement_02,4674,<private_workspace>/m1/outputs/synthetic_occlusion/video_cases_c2/images/case_04_MansoryCement_02/partial/image_04674.jpg,ok,25.253,<private_workspace>/m1/outputs/predictions/synthetic_c2_sam3db_balanced100/synthetic_c2__case_04_MansoryCement_02__026__partial.npz,
synthetic_c2/case_04_MansoryCement_02/032/partial,case_04_MansoryCement_02__partial,32,<private_workspace>/m1/outputs/synthetic_occlusion/video_cases_c2/images/case_04_MansoryCement_02/partial/image_04680.jpg,526.46,274.08,655.34,565.52,partial,partial,0.667,ok,MansoryCement_02,4680,<private_workspace>/m1/outputs/synthetic_occlusion/video_cases_c2/images/case_04_MansoryCement_02/partial/image_04680.jpg,ok,25.154,<private_workspace>/m1/outputs/predictions/synthetic_c2_sam3db_balanced100/synthetic_c2__case_04_MansoryCement_02__032__partial.npz,
synthetic_c2/case_04_MansoryCement_02/038/partial,case_04_MansoryCement_02__partial,38,<private_workspace>/m1/outputs/synthetic_occlusion/video_cases_c2/images/case_04_MansoryCement_02/partial/image_04686.jpg,526.36,273.86,655.0,564.1,partial,partial,0.667,ok,MansoryCement_02,4686,<private_workspace>/m1/outputs/synthetic_occlusion/video_cases_c2/images/case_04_MansoryCement_02/partial/image_04686.jpg,ok,25.428,<private_workspace>/m1/outputs/predictions/synthetic_c2_sam3db_balanced100/synthetic_c2__case_04_MansoryCement_02__038__partial.npz,
synthetic_c2/case_05_RebarPlacement_00/002/partial,case_05_RebarPlacement_00__partial,2,<private_workspace>/m1/outputs/synthetic_occlusion/video_cases_c2/images/case_05_RebarPlacement_00/partial/image_01910.jpg,530.68,111.24,745.17,589.59,partial,partial,0.833,ok,RebarPlacement_00,1910,<private_workspace>/m1/outputs/synthetic_occlusion/video_cases_c2/images/case_05_RebarPlacement_00/partial/image_01910.jpg,ok,25.342,<private_workspace>/m1/outputs/predictions/synthetic_c2_sam3db_balanced100/synthetic_c2__case_05_RebarPlacement_00__002__partial.npz,
synthetic_c2/case_06_RebarTying_01/002/partial,case_06_RebarTying_01__partial,2,<private_workspace>/m1/outputs/synthetic_occlusion/video_cases_c2/images/case_06_RebarTying_01/partial/image_00298.jpg,476.43,192.49,661.1,569.1,partial,partial,0.667,ok,RebarTying_01,298,<private_workspace>/m1/outputs/synthetic_occlusion/video_cases_c2/images/case_06_RebarTying_01/partial/image_00298.jpg,ok,25.342,<private_workspace>/m1/outputs/predictions/synthetic_c2_sam3db_balanced100/synthetic_c2__case_06_RebarTying_01__002__partial.npz,
synthetic_c2/case_06_RebarTying_01/012/partial,case_06_RebarTying_01__partial,12,<private_workspace>/m1/outputs/synthetic_occlusion/video_cases_c2/images/case_06_RebarTying_01/partial/image_00308.jpg,436.15,190.26,627.46,590.7,partial,partial,0.833,ok,RebarTying_01,308,<private_workspace>/m1/outputs/synthetic_occlusion/video_cases_c2/images/case_06_RebarTying_01/partial/image_00308.jpg,ok,25.567,<private_workspace>/m1/outputs/predictions/synthetic_c2_sam3db_balanced100/synthetic_c2__case_06_RebarTying_01__012__partial.npz,
synthetic_c2/case_06_RebarTying_01/028/partial,case_06_RebarTying_01__partial,28,<private_workspace>/m1/outputs/synthetic_occlusion/video_cases_c2/images/case_06_RebarTying_01/partial/image_00324.jpg,348.9,202.73,506.67,603.98,partial,partial,0.833,ok,RebarTying_01,324,<private_workspace>/m1/outputs/synthetic_occlusion/video_cases_c2/images/case_06_RebarTying_01/partial/image_00324.jpg,ok,25.115,<private_workspace>/m1/outputs/predictions/synthetic_c2_sam3db_balanced100/synthetic_c2__case_06_RebarTying_01__028__partial.npz,
synthetic_c2/case_07_RebarTying_02/000/partial,case_07_RebarTying_02__partial,0,<private_workspace>/m1/outputs/synthetic_occlusion/video_cases_c2/images/case_07_RebarTying_02/partial/image_00206.jpg,882.57,355.03,1055.69,584.68,partial,partial,0.5,ok,RebarTying_02,206,<private_workspace>/m1/outputs/synthetic_occlusion/video_cases_c2/images/case_07_RebarTying_02/partial/image_00206.jpg,ok,25.384,<private_workspace>/m1/outputs/predictions/synthetic_c2_sam3db_balanced100/synthetic_c2__case_07_RebarTying_02__000__partial.npz,
synthetic_c2/case_07_RebarTying_02/006/partial,case_07_RebarTying_02__partial,6,<private_workspace>/m1/outputs/synthetic_occlusion/video_cases_c2/images/case_07_RebarTying_02/partial/image_00212.jpg,881.06,355.38,1055.64,582.9,partial,partial,0.5,ok,RebarTying_02,212,<private_workspace>/m1/outputs/synthetic_occlusion/video_cases_c2/images/case_07_RebarTying_02/partial/image_00212.jpg,ok,25.394,<private_workspace>/m1/outputs/predictions/synthetic_c2_sam3db_balanced100/synthetic_c2__case_07_RebarTying_02__006__partial.npz,
synthetic_c2/case_07_RebarTying_02/011/partial,case_07_RebarTying_02__partial,11,<private_workspace>/m1/outputs/synthetic_occlusion/video_cases_c2/images/case_07_RebarTying_02/partial/image_00217.jpg,879.66,356.01,1055.53,579.94,partial,partial,0.5,ok,RebarTying_02,217,<private_workspace>/m1/outputs/synthetic_occlusion/video_cases_c2/images/case_07_RebarTying_02/partial/image_00217.jpg,ok,25.187,<private_workspace>/m1/outputs/predictions/synthetic_c2_sam3db_balanced100/synthetic_c2__case_07_RebarTying_02__011__partial.npz,
synthetic_c2/case_07_RebarTying_02/018/partial,case_07_RebarTying_02__partial,18,<private_workspace>/m1/outputs/synthetic_occlusion/video_cases_c2/images/case_07_RebarTying_02/partial/image_00224.jpg,877.03,354.46,1056.3,578.37,partial,partial,0.583,ok,RebarTying_02,224,<private_workspace>/m1/outputs/synthetic_occlusion/video_cases_c2/images/case_07_RebarTying_02/partial/image_00224.jpg,ok,25.403,<private_workspace>/m1/outputs/predictions/synthetic_c2_sam3db_balanced100/synthetic_c2__case_07_RebarTying_02__018__partial.npz,
synthetic_c2/case_07_RebarTying_02/024/partial,case_07_RebarTying_02__partial,24,<private_workspace>/m1/outputs/synthetic_occlusion/video_cases_c2/images/case_07_RebarTying_02/partial/image_00230.jpg,879.64,354.9,1053.34,582.12,partial,partial,0.583,ok,RebarTying_02,230,<private_workspace>/m1/outputs/synthetic_occlusion/video_cases_c2/images/case_07_RebarTying_02/partial/image_00230.jpg,ok,25.384,<private_workspace>/m1/outputs/predictions/synthetic_c2_sam3db_balanced100/synthetic_c2__case_07_RebarTying_02__024__partial.npz,
synthetic_c2/case_07_RebarTying_02/029/partial,case_07_RebarTying_02__partial,29,<private_workspace>/m1/outputs/synthetic_occlusion/video_cases_c2/images/case_07_RebarTying_02/partial/image_00235.jpg,891.42,354.04,1053.11,582.74,partial,partial,0.583,ok,RebarTying_02,235,<private_workspace>/m1/outputs/synthetic_occlusion/video_cases_c2/images/case_07_RebarTying_02/partial/image_00235.jpg,ok,25.502,<private_workspace>/m1/outputs/predictions/synthetic_c2_sam3db_balanced100/synthetic_c2__case_07_RebarTying_02__029__partial.npz,
synthetic_c2/case_07_RebarTying_02/033/partial,case_07_RebarTying_02__partial,33,<private_workspace>/m1/outputs/synthetic_occlusion/video_cases_c2/images/case_07_RebarTying_02/partial/image_00239.jpg,881.85,353.29,1054.34,582.91,partial,partial,0.5,ok,RebarTying_02,239,<private_workspace>/m1/outputs/synthetic_occlusion/video_cases_c2/images/case_07_RebarTying_02/partial/image_00239.jpg,ok,25.163,<private_workspace>/m1/outputs/predictions/synthetic_c2_sam3db_balanced100/synthetic_c2__case_07_RebarTying_02__033__partial.npz,
synthetic_c2/case_07_RebarTying_02/038/partial,case_07_RebarTying_02__partial,38,<private_workspace>/m1/outputs/synthetic_occlusion/video_cases_c2/images/case_07_RebarTying_02/partial/image_00244.jpg,892.38,351.83,1054.32,585.31,partial,partial,0.5,ok,RebarTying_02,244,<private_workspace>/m1/outputs/synthetic_occlusion/video_cases_c2/images/case_07_RebarTying_02/partial/image_00244.jpg,ok,25.131,<private_workspace>/m1/outputs/predictions/synthetic_c2_sam3db_balanced100/synthetic_c2__case_07_RebarTying_02__038__partial.npz,
synthetic_c2/case_08_WallPlacement_00/012/partial,case_08_WallPlacement_00__partial,12,<private_workspace>/m1/outputs/synthetic_occlusion/video_cases_c2/images/case_08_WallPlacement_00/partial/image_01251.jpg,528.05,160.01,928.17,944.45,partial,partial,0.833,ok,WallPlacement_00,1251,<private_workspace>/m1/outputs/synthetic_occlusion/video_cases_c2/images/case_08_WallPlacement_00/partial/image_01251.jpg,ok,25.142,<private_workspace>/m1/outputs/predictions/synthetic_c2_sam3db_balanced100/synthetic_c2__case_08_WallPlacement_00__012__partial.npz,
synthetic_c2/case_01_MansoryBrickLaying_00/000/severe,case_01_MansoryBrickLaying_00__severe,0,<private_workspace>/m1/outputs/synthetic_occlusion/video_cases_c2/images/case_01_MansoryBrickLaying_00/severe/image_01221.jpg,492.39,57.56,659.56,385.04,severe,severe,0.167,ok,MansoryBrickLaying_00,1221,<private_workspace>/m1/outputs/synthetic_occlusion/video_cases_c2/images/case_01_MansoryBrickLaying_00/severe/image_01221.jpg,ok,25.098,<private_workspace>/m1/outputs/predictions/synthetic_c2_sam3db_balanced100/synthetic_c2__case_01_MansoryBrickLaying_00__000__severe.npz,
synthetic_c2/case_01_MansoryBrickLaying_00/014/severe,case_01_MansoryBrickLaying_00__severe,14,<private_workspace>/m1/outputs/synthetic_occlusion/video_cases_c2/images/case_01_MansoryBrickLaying_00/severe/image_01235.jpg,504.59,55.66,631.82,379.61,severe,severe,0.0,no_person_detected,MansoryBrickLaying_00,1235,<private_workspace>/m1/outputs/synthetic_occlusion/video_cases_c2/images/case_01_MansoryBrickLaying_00/severe/image_01235.jpg,ok,25.328,<private_workspace>/m1/outputs/predictions/synthetic_c2_sam3db_balanced100/synthetic_c2__case_01_MansoryBrickLaying_00__014__severe.npz,
synthetic_c2/case_01_MansoryBrickLaying_00/028/severe,case_01_MansoryBrickLaying_00__severe,28,<private_workspace>/m1/outputs/synthetic_occlusion/video_cases_c2/images/case_01_MansoryBrickLaying_00/severe/image_01249.jpg,510.13,60.13,628.58,382.45,severe,severe,0.083,ok,MansoryBrickLaying_00,1249,<private_workspace>/m1/outputs/synthetic_occlusion/video_cases_c2/images/case_01_MansoryBrickLaying_00/severe/image_01249.jpg,ok,25.329,<private_workspace>/m1/outputs/predictions/synthetic_c2_sam3db_balanced100/synthetic_c2__case_01_MansoryBrickLaying_00__028__severe.npz,
synthetic_c2/case_01_MansoryBrickLaying_00/042/severe,case_01_MansoryBrickLaying_00__severe,42,<private_workspace>/m1/outputs/synthetic_occlusion/video_cases_c2/images/case_01_MansoryBrickLaying_00/severe/image_01263.jpg,500.38,59.72,627.52,381.7,severe,severe,0.167,ok,MansoryBrickLaying_00,1263,<private_workspace>/m1/outputs/synthetic_occlusion/video_cases_c2/images/case_01_MansoryBrickLaying_00/severe/image_01263.jpg,ok,25.120,<private_workspace>/m1/outputs/predictions/synthetic_c2_sam3db_balanced100/synthetic_c2__case_01_MansoryBrickLaying_00__042__severe.npz,
synthetic_c2/case_02_MansoryBrickLaying_01/009/severe,case_02_MansoryBrickLaying_01__severe,9,<private_workspace>/m1/outputs/synthetic_occlusion/video_cases_c2/images/case_02_MansoryBrickLaying_01/severe/image_00259.jpg,458.94,39.68,625.53,378.49,severe,severe,0.0,no_person_detected,MansoryBrickLaying_01,259,<private_workspace>/m1/outputs/synthetic_occlusion/video_cases_c2/images/case_02_MansoryBrickLaying_01/severe/image_00259.jpg,ok,25.363,<private_workspace>/m1/outputs/predictions/synthetic_c2_sam3db_balanced100/synthetic_c2__case_02_MansoryBrickLaying_01__009__severe.npz,
synthetic_c2/case_02_MansoryBrickLaying_01/021/severe,case_02_MansoryBrickLaying_01__severe,21,<private_workspace>/m1/outputs/synthetic_occlusion/video_cases_c2/images/case_02_MansoryBrickLaying_01/severe/image_00271.jpg,441.9,38.54,601.47,381.54,severe,severe,0.0,no_person_detected,MansoryBrickLaying_01,271,<private_workspace>/m1/outputs/synthetic_occlusion/video_cases_c2/images/case_02_MansoryBrickLaying_01/severe/image_00271.jpg,ok,25.134,<private_workspace>/m1/outputs/predictions/synthetic_c2_sam3db_balanced100/synthetic_c2__case_02_MansoryBrickLaying_01__021__severe.npz,
synthetic_c2/case_02_MansoryBrickLaying_01/031/partial,case_02_MansoryBrickLaying_01__partial,31,<private_workspace>/m1/outputs/synthetic_occlusion/video_cases_c2/images/case_02_MansoryBrickLaying_01/partial/image_00281.jpg,411.11,58.85,584.4,377.24,partial,severe,0.0,no_person_detected,MansoryBrickLaying_01,281,<private_workspace>/m1/outputs/synthetic_occlusion/video_cases_c2/images/case_02_MansoryBrickLaying_01/partial/image_00281.jpg,ok,25.276,<private_workspace>/m1/outputs/predictions/synthetic_c2_sam3db_balanced100/synthetic_c2__case_02_MansoryBrickLaying_01__031__partial.npz,
synthetic_c2/case_02_MansoryBrickLaying_01/038/partial,case_02_MansoryBrickLaying_01__partial,38,<private_workspace>/m1/outputs/synthetic_occlusion/video_cases_c2/images/case_02_MansoryBrickLaying_01/partial/image_00288.jpg,398.15,89.71,587.37,375.44,partial,severe,0.0,no_person_detected,MansoryBrickLaying_01,288,<private_workspace>/m1/outputs/synthetic_occlusion/video_cases_c2/images/case_02_MansoryBrickLaying_01/partial/image_00288.jpg,ok,25.464,<private_workspace>/m1/outputs/predictions/synthetic_c2_sam3db_balanced100/synthetic_c2__case_02_MansoryBrickLaying_01__038__partial.npz,
synthetic_c2/case_03_MansoryBrickLaying_02/000/severe,case_03_MansoryBrickLaying_02__severe,0,<private_workspace>/m1/outputs/synthetic_occlusion/video_cases_c2/images/case_03_MansoryBrickLaying_02/severe/image_00089.jpg,518.06,57.06,640.37,382.62,severe,severe,0.0,no_person_detected,MansoryBrickLaying_02,89,<private_workspace>/m1/outputs/synthetic_occlusion/video_cases_c2/images/case_03_MansoryBrickLaying_02/severe/image_00089.jpg,ok,25.701,<private_workspace>/m1/outputs/predictions/synthetic_c2_sam3db_balanced100/synthetic_c2__case_03_MansoryBrickLaying_02__000__severe.npz,
synthetic_c2/case_03_MansoryBrickLaying_02/014/severe,case_03_MansoryBrickLaying_02__severe,14,<private_workspace>/m1/outputs/synthetic_occlusion/video_cases_c2/images/case_03_MansoryBrickLaying_02/severe/image_00103.jpg,504.5,52.77,644.39,381.16,severe,severe,0.0,no_person_detected,MansoryBrickLaying_02,103,<private_workspace>/m1/outputs/synthetic_occlusion/video_cases_c2/images/case_03_MansoryBrickLaying_02/severe/image_00103.jpg,ok,25.475,<private_workspace>/m1/outputs/predictions/synthetic_c2_sam3db_balanced100/synthetic_c2__case_03_MansoryBrickLaying_02__014__severe.npz,
synthetic_c2/case_03_MansoryBrickLaying_02/027/severe,case_03_MansoryBrickLaying_02__severe,27,<private_workspace>/m1/outputs/synthetic_occlusion/video_cases_c2/images/case_03_MansoryBrickLaying_02/severe/image_00116.jpg,489.05,56.65,631.31,379.53,severe,severe,0.0,no_person_detected,MansoryBrickLaying_02,116,<private_workspace>/m1/outputs/synthetic_occlusion/video_cases_c2/images/case_03_MansoryBrickLaying_02/severe/image_00116.jpg,ok,25.237,<private_workspace>/m1/outputs/predictions/synthetic_c2_sam3db_balanced100/synthetic_c2__case_03_MansoryBrickLaying_02__027__severe.npz,
synthetic_c2/case_03_MansoryBrickLaying_02/036/severe,case_03_MansoryBrickLaying_02__severe,36,<private_workspace>/m1/outputs/synthetic_occlusion/video_cases_c2/images/case_03_MansoryBrickLaying_02/severe/image_00125.jpg,486.07,55.54,620.54,374.86,severe,severe,0.0,no_person_detected,MansoryBrickLaying_02,125,<private_workspace>/m1/outputs/synthetic_occlusion/video_cases_c2/images/case_03_MansoryBrickLaying_02/severe/image_00125.jpg,ok,25.197,<private_workspace>/m1/outputs/predictions/synthetic_c2_sam3db_balanced100/synthetic_c2__case_03_MansoryBrickLaying_02__036__severe.npz,
synthetic_c2/case_04_MansoryCement_02/000/severe,case_04_MansoryCement_02__severe,0,<private_workspace>/m1/outputs/synthetic_occlusion/video_cases_c2/images/case_04_MansoryCement_02/severe/image_04648.jpg,531.59,271.32,650.91,567.69,severe,severe,0.25,ok,MansoryCement_02,4648,<private_workspace>/m1/outputs/synthetic_occlusion/video_cases_c2/images/case_04_MansoryCement_02/severe/image_04648.jpg,ok,25.525,<private_workspace>/m1/outputs/predictions/synthetic_c2_sam3db_balanced100/synthetic_c2__case_04_MansoryCement_02__000__severe.npz,
synthetic_c2/case_04_MansoryCement_02/014/severe,case_04_MansoryCement_02__severe,14,<private_workspace>/m1/outputs/synthetic_occlusion/video_cases_c2/images/case_04_MansoryCement_02/severe/image_04662.jpg,527.09,274.72,654.3,566.79,severe,severe,0.333,ok,MansoryCement_02,4662,<private_workspace>/m1/outputs/synthetic_occlusion/video_cases_c2/images/case_04_MansoryCement_02/severe/image_04662.jpg,ok,24.890,<private_workspace>/m1/outputs/predictions/synthetic_c2_sam3db_balanced100/synthetic_c2__case_04_MansoryCement_02__014__severe.npz,
synthetic_c2/case_04_MansoryCement_02/028/severe,case_04_MansoryCement_02__severe,28,<private_workspace>/m1/outputs/synthetic_occlusion/video_cases_c2/images/case_04_MansoryCement_02/severe/image_04676.jpg,526.85,273.86,654.94,565.72,severe,severe,0.0,no_person_detected,MansoryCement_02,4676,<private_workspace>/m1/outputs/synthetic_occlusion/video_cases_c2/images/case_04_MansoryCement_02/severe/image_04676.jpg,ok,25.307,<private_workspace>/m1/outputs/predictions/synthetic_c2_sam3db_balanced100/synthetic_c2__case_04_MansoryCement_02__028__severe.npz,
synthetic_c2/case_04_MansoryCement_02/041/severe,case_04_MansoryCement_02__severe,41,<private_workspace>/m1/outputs/synthetic_occlusion/video_cases_c2/images/case_04_MansoryCement_02/severe/image_04689.jpg,525.47,274.3,655.37,565.62,severe,severe,0.167,ok,MansoryCement_02,4689,<private_workspace>/m1/outputs/synthetic_occlusion/video_cases_c2/images/case_04_MansoryCement_02/severe/image_04689.jpg,ok,25.356,<private_workspace>/m1/outputs/predictions/synthetic_c2_sam3db_balanced100/synthetic_c2__case_04_MansoryCement_02__041__severe.npz,
synthetic_c2/case_05_RebarPlacement_00/010/severe,case_05_RebarPlacement_00__severe,10,<private_workspace>/m1/outputs/synthetic_occlusion/video_cases_c2/images/case_05_RebarPlacement_00/severe/image_01918.jpg,532.55,85.17,776.37,604.91,severe,severe,0.0,no_person_detected,RebarPlacement_00,1918,<private_workspace>/m1/outputs/synthetic_occlusion/video_cases_c2/images/case_05_RebarPlacement_00/severe/image_01918.jpg,ok,25.135,<private_workspace>/m1/outputs/predictions/synthetic_c2_sam3db_balanced100/synthetic_c2__case_05_RebarPlacement_00__010__severe.npz,
synthetic_c2/case_05_RebarPlacement_00/024/severe,case_05_RebarPlacement_00__severe,24,<private_workspace>/m1/outputs/synthetic_occlusion/video_cases_c2/images/case_05_RebarPlacement_00/severe/image_01932.jpg,533.41,72.37,752.59,602.88,severe,severe,0.0,no_person_detected,RebarPlacement_00,1932,<private_workspace>/m1/outputs/synthetic_occlusion/video_cases_c2/images/case_05_RebarPlacement_00/severe/image_01932.jpg,ok,25.103,<private_workspace>/m1/outputs/predictions/synthetic_c2_sam3db_balanced100/synthetic_c2__case_05_RebarPlacement_00__024__severe.npz,
synthetic_c2/case_05_RebarPlacement_00/038/severe,case_05_RebarPlacement_00__severe,38,<private_workspace>/m1/outputs/synthetic_occlusion/video_cases_c2/images/case_05_RebarPlacement_00/severe/image_01946.jpg,508.14,58.41,734.69,648.11,severe,severe,0.0,no_person_detected,RebarPlacement_00,1946,<private_workspace>/m1/outputs/synthetic_occlusion/video_cases_c2/images/case_05_RebarPlacement_00/severe/image_01946.jpg,ok,25.146,<private_workspace>/m1/outputs/predictions/synthetic_c2_sam3db_balanced100/synthetic_c2__case_05_RebarPlacement_00__038__severe.npz,
synthetic_c2/case_06_RebarTying_01/007/severe,case_06_RebarTying_01__severe,7,<private_workspace>/m1/outputs/synthetic_occlusion/video_cases_c2/images/case_06_RebarTying_01/severe/image_00303.jpg,460.84,187.52,643.84,580.65,severe,severe,0.0,no_person_detected,RebarTying_01,303,<private_workspace>/m1/outputs/synthetic_occlusion/video_cases_c2/images/case_06_RebarTying_01/severe/image_00303.jpg,ok,25.273,<private_workspace>/m1/outputs/predictions/synthetic_c2_sam3db_balanced100/synthetic_c2__case_06_RebarTying_01__007__severe.npz,
synthetic_c2/case_06_RebarTying_01/021/severe,case_06_RebarTying_01__severe,21,<private_workspace>/m1/outputs/synthetic_occlusion/video_cases_c2/images/case_06_RebarTying_01/severe/image_00317.jpg,386.87,196.92,555.35,609.98,severe,severe,0.0,no_person_detected,RebarTying_01,317,<private_workspace>/m1/outputs/synthetic_occlusion/video_cases_c2/images/case_06_RebarTying_01/severe/image_00317.jpg,ok,25.524,<private_workspace>/m1/outputs/predictions/synthetic_c2_sam3db_balanced100/synthetic_c2__case_06_RebarTying_01__021__severe.npz,
synthetic_c2/case_06_RebarTying_01/030/partial,case_06_RebarTying_01__partial,30,<private_workspace>/m1/outputs/synthetic_occlusion/video_cases_c2/images/case_06_RebarTying_01/partial/image_00326.jpg,337.71,206.56,495.17,604.51,partial,severe,0.0,no_person_detected,RebarTying_01,326,<private_workspace>/m1/outputs/synthetic_occlusion/video_cases_c2/images/case_06_RebarTying_01/partial/image_00326.jpg,ok,25.328,<private_workspace>/m1/outputs/predictions/synthetic_c2_sam3db_balanced100/synthetic_c2__case_06_RebarTying_01__030__partial.npz,
synthetic_c2/case_06_RebarTying_01/040/partial,case_06_RebarTying_01__partial,40,<private_workspace>/m1/outputs/synthetic_occlusion/video_cases_c2/images/case_06_RebarTying_01/partial/image_00336.jpg,272.89,230.79,471.56,607.4,partial,severe,0.0,no_person_detected,RebarTying_01,336,<private_workspace>/m1/outputs/synthetic_occlusion/video_cases_c2/images/case_06_RebarTying_01/partial/image_00336.jpg,ok,25.158,<private_workspace>/m1/outputs/predictions/synthetic_c2_sam3db_balanced100/synthetic_c2__case_06_RebarTying_01__040__partial.npz,
synthetic_c2/case_07_RebarTying_02/006/severe,case_07_RebarTying_02__severe,6,<private_workspace>/m1/outputs/synthetic_occlusion/video_cases_c2/images/case_07_RebarTying_02/severe/image_00212.jpg,881.06,355.38,1055.64,582.9,severe,severe,0.0,no_person_detected,RebarTying_02,212,<private_workspace>/m1/outputs/synthetic_occlusion/video_cases_c2/images/case_07_RebarTying_02/severe/image_00212.jpg,ok,25.045,<private_workspace>/m1/outputs/predictions/synthetic_c2_sam3db_balanced100/synthetic_c2__case_07_RebarTying_02__006__severe.npz,
synthetic_c2/case_07_RebarTying_02/020/severe,case_07_RebarTying_02__severe,20,<private_workspace>/m1/outputs/synthetic_occlusion/video_cases_c2/images/case_07_RebarTying_02/severe/image_00226.jpg,878.86,355.4,1053.59,581.29,severe,severe,0.0,no_person_detected,RebarTying_02,226,<private_workspace>/m1/outputs/synthetic_occlusion/video_cases_c2/images/case_07_RebarTying_02/severe/image_00226.jpg,ok,24.661,<private_workspace>/m1/outputs/predictions/synthetic_c2_sam3db_balanced100/synthetic_c2__case_07_RebarTying_02__020__severe.npz,
synthetic_c2/case_07_RebarTying_02/034/severe,case_07_RebarTying_02__severe,34,<private_workspace>/m1/outputs/synthetic_occlusion/video_cases_c2/images/case_07_RebarTying_02/severe/image_00240.jpg,883.9,352.92,1054.83,584.75,severe,severe,0.0,no_person_detected,RebarTying_02,240,<private_workspace>/m1/outputs/synthetic_occlusion/video_cases_c2/images/case_07_RebarTying_02/severe/image_00240.jpg,ok,25.026,<private_workspace>/m1/outputs/predictions/synthetic_c2_sam3db_balanced100/synthetic_c2__case_07_RebarTying_02__034__severe.npz,
synthetic_c2/case_08_WallPlacement_00/002/severe,case_08_WallPlacement_00__severe,2,<private_workspace>/m1/outputs/synthetic_occlusion/video_cases_c2/images/case_08_WallPlacement_00/severe/image_01241.jpg,536.09,158.21,934.09,944.0,severe,severe,0.0,no_person_detected,WallPlacement_00,1241,<private_workspace>/m1/outputs/synthetic_occlusion/video_cases_c2/images/case_08_WallPlacement_00/severe/image_01241.jpg,ok,25.544,<private_workspace>/m1/outputs/predictions/synthetic_c2_sam3db_balanced100/synthetic_c2__case_08_WallPlacement_00__002__severe.npz,
synthetic_c2/case_08_WallPlacement_00/016/severe,case_08_WallPlacement_00__severe,16,<private_workspace>/m1/outputs/synthetic_occlusion/video_cases_c2/images/case_08_WallPlacement_00/severe/image_01255.jpg,525.44,160.14,931.72,944.23,severe,severe,0.0,no_person_detected,WallPlacement_00,1255,<private_workspace>/m1/outputs/synthetic_occlusion/video_cases_c2/images/case_08_WallPlacement_00/severe/image_01255.jpg,ok,25.537,<private_workspace>/m1/outputs/predictions/synthetic_c2_sam3db_balanced100/synthetic_c2__case_08_WallPlacement_00__016__severe.npz,
synthetic_c2/case_08_WallPlacement_00/030/severe,case_08_WallPlacement_00__severe,30,<private_workspace>/m1/outputs/synthetic_occlusion/video_cases_c2/images/case_08_WallPlacement_00/severe/image_01269.jpg,534.47,149.13,930.09,946.07,severe,severe,0.0,no_person_detected,WallPlacement_00,1269,<private_workspace>/m1/outputs/synthetic_occlusion/video_cases_c2/images/case_08_WallPlacement_00/severe/image_01269.jpg,ok,25.260,<private_workspace>/m1/outputs/predictions/synthetic_c2_sam3db_balanced100/synthetic_c2__case_08_WallPlacement_00__030__severe.npz,
synthetic_c2/case_08_WallPlacement_00/044/severe,case_08_WallPlacement_00__severe,44,<private_workspace>/m1/outputs/synthetic_occlusion/video_cases_c2/images/case_08_WallPlacement_00/severe/image_01283.jpg,555.68,141.27,932.37,945.13,severe,severe,0.0,no_person_detected,WallPlacement_00,1283,<private_workspace>/m1/outputs/synthetic_occlusion/video_cases_c2/images/case_08_WallPlacement_00/severe/image_01283.jpg,ok,25.224,<private_workspace>/m1/outputs/predictions/synthetic_c2_sam3db_balanced100/synthetic_c2__case_08_WallPlacement_00__044__severe.npz,
