pipeline,sample_id,sequence,frame_number,field_occlusion_label,auto_severity,status,mean_bone_length,left_right_bone_symmetry_error,joint_angle_feasibility
SAM-3DBody,field_all_fb_00001,MansoryBrickLaying_00,0,none,none,ok,0.28033962641579746,0.006312476715753013,1.0
SAM-3DBody,field_all_fb_00661,MansoryBrickLaying_00,660,none,none,ok,0.27703210115306576,0.017531590465276966,1.0
SAM-3DBody,field_all_fb_01323,MansoryBrickLaying_00,1322,none,none,ok,0.2793873574070191,0.016092673077466542,1.0
SAM-3DBody,field_all_fb_01946,MansoryBrickLaying_01,283,none,none,ok,0.2793310935879031,0.0063390266958452115,1.0
SAM-3DBody,field_all_fb_02617,MansoryBrickLaying_01,954,none,none,ok,0.2822682475045802,0.008903026448157833,1.0
SAM-3DBody,field_all_fb_03383,MansoryBrickLaying_01,1720,none,none,ok,0.2816522994250913,0.01291987786249924,1.0
SAM-3DBody,field_all_fb_04009,MansoryBrickLaying_01,2346,none,none,ok,0.2811796764545094,0.0022553017713344693,1.0
SAM-3DBody,field_all_fb_04790,MansoryBrickLaying_01,3127,none,none,ok,0.2750639462791415,0.015103510062805777,1.0
SAM-3DBody,field_all_fb_05531,MansoryBrickLaying_02,40,none,none,ok,0.28228076786800105,0.0032960081702805666,1.0
SAM-3DBody,field_all_fb_06236,MansoryBrickLaying_02,745,none,none,ok,0.2845972139404529,0.009822516533855666,1.0
SAM-3DBody,field_all_fb_07148,MansoryBrickLaying_02,1657,none,none,ok,0.2843255535501379,0.016002393226525417,1.0
SAM-3DBody,field_all_fb_08172,MansoryBrickLaying_02,2681,none,none,ok,0.28753602033546805,0.015237248744280696,1.0
SAM-3DBody,field_all_fb_08862,MansoryBrickLaying_02,3371,none,none,ok,0.2820653537164577,0.007140629916415025,1.0
SAM-3DBody,field_all_fb_09774,MansoryBrickLaying_02,4283,none,none,ok,0.2771770556633988,0.005032411566910579,1.0
SAM-3DBody,field_all_fb_10762,MansoryBrickLaying_02,5271,none,none,ok,0.2800715309926903,0.008238096018897748,1.0
SAM-3DBody,field_all_fb_11506,MansoryBrickLaying_02,6015,none,none,ok,0.2823331883033925,0.007057279536056394,1.0
SAM-3DBody,field_all_fb_12227,MansoryBrickLaying_02,6736,none,none,ok,0.2839069504619602,0.012536189623491715,1.0
SAM-3DBody,field_all_fb_12962,MansoryCement_02,214,none,none,ok,0.2742712182802285,0.004573715211955619,1.0
SAM-3DBody,field_all_fb_13696,MansoryCement_02,948,none,none,ok,0.2782904576728135,0.012739998204050163,1.0
SAM-3DBody,field_all_fb_14323,MansoryCement_02,1575,none,none,ok,0.2775416140473493,0.0017985861631957696,1.0
SAM-3DBody,field_all_fb_14958,MansoryCement_02,2210,none,none,ok,0.27655810104210476,0.008110809444160783,1.0
SAM-3DBody,field_all_fb_15609,MansoryCement_02,2861,none,none,ok,0.26222390967179743,0.006364274418412338,1.0
SAM-3DBody,field_all_fb_16268,MansoryCement_02,3520,none,none,ok,0.2739240319949991,0.00797038508977019,1.0
SAM-3DBody,field_all_fb_17061,MansoryCement_02,4313,none,none,ok,0.27558075589324804,0.006364120397567324,1.0
SAM-3DBody,field_all_fb_17658,MansoryCement_02,4910,none,none,ok,0.2762858568381075,0.007998124945960956,1.0
SAM-3DBody,field_all_fb_18303,RebarPlacement_00,443,none,none,ok,0.28081492378151246,0.007702627342939299,1.0
SAM-3DBody,field_all_fb_19756,RebarPlacement_00,1896,none,none,ok,0.279207939594865,0.013845777185553623,1.0
SAM-3DBody,field_all_fb_21589,RebarPlacement_00,3729,none,none,ok,0.2862792221775674,0.0176521131765047,1.0
SAM-3DBody,field_all_fb_22263,RebarPlacement_00,4403,none,none,ok,0.2822540419900428,0.013781069833031005,1.0
SAM-3DBody,field_all_fb_22919,RebarPlacement_00,5059,none,none,ok,0.28199748784143314,0.015441682867373302,1.0
SAM-3DBody,field_all_fb_23540,RebarPlacement_00,5680,none,none,ok,0.2811259947146965,0.012338151761383203,1.0
SAM-3DBody,field_all_fb_24233,RebarPlacement_00,6373,none,none,ok,0.2779406858385851,0.013907264491335072,1.0
SAM-3DBody,field_all_fb_24886,RebarPlacement_00,7026,none,none,ok,0.27432660143802384,0.006796170636380821,1.0
SAM-3DBody,field_all_fb_25583,RebarPlacement_00,7723,none,none,ok,0.2750249875477623,0.007972686471899304,1.0
SAM-3DBody,field_all_fb_26311,RebarPlacement_00,8451,none,none,ok,0.2797656803291568,0.007802181096116543,1.0
SAM-3DBody,field_all_fb_27549,RebarTying_01,1181,none,none,ok,0.26931264383341114,0.006376118765767075,1.0
SAM-3DBody,field_all_fb_28418,RebarTying_02,351,none,none,ok,0.2815115543133239,0.01720442000685817,1.0
SAM-3DBody,field_all_fb_30781,WallPlacement_00,796,none,none,ok,0.28622327799140657,0.004302427836641376,1.0
SAM-3DBody,field_all_fb_31471,WallPlacement_00,1486,none,none,ok,0.28346657826104554,0.004617389679593672,1.0
SAM-3DBody,field_all_fb_32449,WallPlacement_00,2464,none,none,ok,0.29246309143264143,0.007132992132856113,1.0
SAM-3DBody,field_all_fb_33069,WallPlacement_00,3084,none,none,ok,0.2851653785705088,0.019843295005971706,1.0
SAM-3DBody,field_all_fb_33952,WallPlacement_00,3967,none,none,ok,0.2815053435220587,0.01547878303266883,1.0
SAM-3DBody,field_all_fb_35127,WallPlacement_00,5142,none,none,ok,0.28463636713758506,0.01568222839817009,1.0
SAM-3DBody,field_all_fb_36487,WallPlacement_00,6502,none,none,ok,0.28800890683130514,0.012668752348883561,1.0
SAM-3DBody,field_all_fb_37086,WallPlacement_00,7101,none,none,ok,0.28573329166664535,0.008270770291792339,1.0
SAM-3DBody,field_all_fb_37683,WallPlacement_00,7698,none,none,ok,0.28709972549886464,0.011046852145559982,1.0
SAM-3DBody,field_all_fb_38322,WallPlacement_00,8337,none,none,ok,0.2893772579489133,0.00642647519531941,1.0
SAM-3DBody,field_all_fb_39211,WallPlacement_00,9226,none,none,ok,0.28636236753706135,0.009073559317848904,1.0
SAM-3DBody,field_all_fb_39816,WallPlacement_00,9831,none,none,ok,0.2872152631920156,0.021135350999615592,1.0
SAM-3DBody,field_all_fb_40491,WallPlacement_00,10506,none,none,ok,0.28435344398338586,0.009057227087897244,1.0
SAM-3DBody,field_all_fb_00209,MansoryBrickLaying_00,208,partial,mild,ok,0.28164144590934603,0.011391996580582814,1.0
SAM-3DBody,field_all_fb_04218,MansoryBrickLaying_01,2555,partial,mild,ok,0.2820091557870124,0.00957553630995167,1.0
SAM-3DBody,field_all_fb_05851,MansoryBrickLaying_02,360,partial,mild,ok,0.2793547497052497,0.0058629232025377296,1.0
SAM-3DBody,field_all_fb_06464,MansoryBrickLaying_02,973,partial,mild,ok,0.2830703645942091,0.01051119785738601,1.0
SAM-3DBody,field_all_fb_07023,MansoryBrickLaying_02,1532,partial,mild,ok,0.28488854864576474,0.005930624609695845,1.0
SAM-3DBody,field_all_fb_07325,MansoryBrickLaying_02,1834,partial,mild,ok,0.27950802924781687,0.008854438622570182,1.0
SAM-3DBody,field_all_fb_07598,MansoryBrickLaying_02,2107,partial,moderate,ok,0.2792547826473459,0.01293533994992978,1.0
SAM-3DBody,field_all_fb_08603,MansoryBrickLaying_02,3112,partial,mild,ok,0.2721447527649604,0.007597948749400424,1.0
SAM-3DBody,field_all_fb_10809,MansoryBrickLaying_02,5318,partial,mild,ok,0.280678672802902,0.006869456709988588,1.0
SAM-3DBody,field_all_fb_13083,MansoryCement_02,335,partial,mild,ok,0.2625868994725217,0.0041747848375291675,1.0
SAM-3DBody,field_all_fb_15693,MansoryCement_02,2945,partial,mild,ok,0.24926102634461914,0.0046170546090973505,1.0
SAM-3DBody,field_all_fb_18214,RebarPlacement_00,354,partial,mild,ok,0.2795066079541468,0.006361451416078318,1.0
SAM-3DBody,field_all_fb_18847,RebarPlacement_00,987,partial,mild,ok,0.27103895197083916,0.012708593579242889,1.0
SAM-3DBody,field_all_fb_19436,RebarPlacement_00,1576,partial,moderate,ok,0.2855387512272386,0.015137621416058906,1.0
SAM-3DBody,field_all_fb_20015,RebarPlacement_00,2155,partial,mild,ok,0.2837919120944207,0.032888861621149616,1.0
SAM-3DBody,field_all_fb_20414,RebarPlacement_00,2554,partial,mild,ok,0.27930608240474714,0.008680194330249495,1.0
SAM-3DBody,field_all_fb_20588,RebarPlacement_00,2728,partial,mild,ok,0.28269720235830087,0.014925218982212163,1.0
SAM-3DBody,field_all_fb_20762,RebarPlacement_00,2902,partial,mild,ok,0.2780147477266219,0.00937278876002474,1.0
SAM-3DBody,field_all_fb_20964,RebarPlacement_00,3104,partial,mild,ok,0.2799329126677004,0.01031193392823279,1.0
SAM-3DBody,field_all_fb_21152,RebarPlacement_00,3292,partial,mild,ok,0.2785895394998925,0.006195769436843017,1.0
SAM-3DBody,field_all_fb_21371,RebarPlacement_00,3511,partial,mild,ok,0.27728474008524484,0.0063522474776298585,1.0
SAM-3DBody,field_all_fb_22124,RebarPlacement_00,4264,partial,mild,ok,0.2811731585706009,0.00721083521892825,1.0
SAM-3DBody,field_all_fb_24481,RebarPlacement_00,6621,partial,mild,ok,0.27708049696148257,0.022568988975523143,1.0
SAM-3DBody,field_all_fb_26868,RebarTying_01,500,partial,mild,ok,0.2702243811027678,0.004954362603772285,1.0
SAM-3DBody,field_all_fb_27431,RebarTying_01,1063,partial,mild,ok,0.2735925140154507,0.0034090764909966063,1.0
SAM-3DBody,field_all_fb_27899,RebarTying_01,1531,partial,mild,ok,0.2707183212235381,0.01006483960621272,1.0
SAM-3DBody,field_all_fb_28450,RebarTying_02,383,partial,mild,ok,0.2796204515078103,0.02368171468870992,1.0
SAM-3DBody,field_all_fb_28911,RebarTying_02,844,partial,mild,ok,0.2841567053428063,0.016786338565419407,1.0
SAM-3DBody,field_all_fb_29110,RebarTying_02,1043,partial,mild,ok,0.2724262807506855,0.019295404525705512,1.0
SAM-3DBody,field_all_fb_29277,RebarTying_02,1210,partial,mild,ok,0.27796898833678174,0.00909319554577632,1.0
SAM-3DBody,field_all_fb_29444,RebarTying_02,1377,partial,mild,ok,0.27674840867633577,0.006522927138356792,1.0
SAM-3DBody,field_all_fb_29605,RebarTying_02,1538,partial,mild,ok,0.2744204766691477,0.0069780429192272606,1.0
SAM-3DBody,field_all_fb_29770,RebarTying_02,1703,partial,moderate,ok,0.2754163796365263,0.014351925999921465,1.0
SAM-3DBody,field_all_fb_29920,RebarTying_02,1853,partial,moderate,ok,0.2756105569798374,0.0040100442320152915,1.0
SAM-3DBody,field_all_fb_30585,WallPlacement_00,600,partial,mild,ok,0.28913916671289464,0.006833570453535449,1.0
SAM-3DBody,field_all_fb_31934,WallPlacement_00,1949,partial,mild,ok,0.28527904625822376,0.023844286321362606,1.0
SAM-3DBody,field_all_fb_32085,WallPlacement_00,2100,partial,mild,ok,0.28261366662782483,0.022845678774965284,1.0
SAM-3DBody,field_all_fb_33519,WallPlacement_00,3534,partial,mild,ok,0.2856391830982789,0.010628187750320088,1.0
SAM-3DBody,field_all_fb_33696,WallPlacement_00,3711,partial,mild,ok,0.28362608701702047,0.01965857870020758,1.0
SAM-3DBody,field_all_fb_34223,WallPlacement_00,4238,partial,mild,ok,0.28540864747703,0.022309281983828994,1.0
SAM-3DBody,field_all_fb_34378,WallPlacement_00,4393,partial,mild,ok,0.2857485236925623,0.022224054893421937,1.0
SAM-3DBody,field_all_fb_34738,WallPlacement_00,4753,partial,mild,ok,0.28117354312909376,0.015064826602304772,1.0
SAM-3DBody,field_all_fb_35173,WallPlacement_00,5188,partial,mild,ok,0.2855884543162787,0.022416747105688226,1.0
SAM-3DBody,field_all_fb_35353,WallPlacement_00,5368,partial,mild,ok,0.285399774208382,0.022637868588339858,1.0
SAM-3DBody,field_all_fb_35510,WallPlacement_00,5525,partial,mild,ok,0.2852080556935128,0.02322224556282825,1.0
SAM-3DBody,field_all_fb_35669,WallPlacement_00,5684,partial,mild,ok,0.2857752974288989,0.023545336629217567,1.0
SAM-3DBody,field_all_fb_35972,WallPlacement_00,5987,partial,mild,ok,0.27941656571269746,0.013106422148012666,1.0
SAM-3DBody,field_all_fb_38209,WallPlacement_00,8224,partial,mild,ok,0.2897042561353057,0.013776257017540235,1.0
SAM-3DBody,field_all_fb_38912,WallPlacement_00,8927,partial,moderate,ok,0.2786096891956864,0.013895823417723233,1.0
SAM-3DBody,field_all_fb_40302,WallPlacement_00,10317,partial,mild,ok,0.29282000901824756,0.004557415936056942,1.0
SAM-3DBody,field_all_fb_04580,MansoryBrickLaying_01,2917,severe_detected,full,ok,0.21631749725844474,0.010067089981286966,1.0
SAM-3DBody,field_all_fb_07222,MansoryBrickLaying_02,1731,severe_detected,severe,ok,0.28742603084460083,0.009126439011866211,1.0
SAM-3DBody,field_all_fb_07225,MansoryBrickLaying_02,1734,severe_detected,severe,ok,0.2858273522381287,0.010923274316842526,1.0
SAM-3DBody,field_all_fb_07250,MansoryBrickLaying_02,1759,severe_detected,severe,ok,0.2845035307217552,0.010589211642379493,1.0
SAM-3DBody,field_all_fb_07252,MansoryBrickLaying_02,1761,severe_detected,severe,ok,0.28491985248251156,0.011132965890135087,1.0
SAM-3DBody,field_all_fb_07255,MansoryBrickLaying_02,1764,severe_detected,severe,ok,0.2837921783840337,0.012745418463967309,1.0
SAM-3DBody,field_all_fb_07261,MansoryBrickLaying_02,1770,severe_detected,severe,ok,0.28283813668201735,0.011346467037509292,1.0
SAM-3DBody,field_all_fb_07263,MansoryBrickLaying_02,1772,severe_detected,severe,ok,0.2831616138718228,0.011309342128317107,1.0
SAM-3DBody,field_all_fb_07297,MansoryBrickLaying_02,1806,severe_detected,severe,ok,0.2723135303309807,0.013116116384324035,1.0
SAM-3DBody,field_all_fb_07299,MansoryBrickLaying_02,1808,severe_detected,severe,ok,0.27130004775408095,0.012442338311110529,1.0
SAM-3DBody,field_all_fb_07465,MansoryBrickLaying_02,1974,severe_detected,severe,ok,0.2855630218623824,0.00686140452226253,1.0
SAM-3DBody,field_all_fb_08546,MansoryBrickLaying_02,3055,severe_detected,severe,ok,0.280290582873074,0.00574727572340744,1.0
SAM-3DBody,field_all_fb_09191,MansoryBrickLaying_02,3700,severe_detected,severe,ok,0.2864146584330531,0.012481264833012588,1.0
SAM-3DBody,field_all_fb_09195,MansoryBrickLaying_02,3704,severe_detected,severe,ok,0.27781251059547973,0.015832270568339146,1.0
SAM-3DBody,field_all_fb_09795,MansoryBrickLaying_02,4304,severe_detected,severe,ok,0.28225317364837665,0.01073439731104739,1.0
SAM-3DBody,field_all_fb_09953,MansoryBrickLaying_02,4462,severe_detected,severe,ok,0.28472339420609016,0.018931493502385672,1.0
SAM-3DBody,field_all_fb_09955,MansoryBrickLaying_02,4464,severe_detected,severe,ok,0.2841334097201238,0.01969273754200686,1.0
SAM-3DBody,field_all_fb_09958,MansoryBrickLaying_02,4467,severe_detected,severe,ok,0.2841886510027929,0.019410653123354847,1.0
SAM-3DBody,field_all_fb_09962,MansoryBrickLaying_02,4471,severe_detected,severe,ok,0.28299973815434315,0.022127567444083354,1.0
SAM-3DBody,field_all_fb_10064,MansoryBrickLaying_02,4573,severe_detected,severe,ok,0.28409655079322793,0.021668662206240353,1.0
SAM-3DBody,field_all_fb_10179,MansoryBrickLaying_02,4688,severe_detected,severe,ok,0.281092885262977,0.008058139754173679,1.0
SAM-3DBody,field_all_fb_10182,MansoryBrickLaying_02,4691,severe_detected,severe,ok,0.27996500815403735,0.008902907737317669,1.0
SAM-3DBody,field_all_fb_10186,MansoryBrickLaying_02,4695,severe_detected,severe,ok,0.28006666837572525,0.010646656570064757,1.0
SAM-3DBody,field_all_fb_10190,MansoryBrickLaying_02,4699,severe_detected,severe,ok,0.2807549175671647,0.011909345984416786,1.0
SAM-3DBody,field_all_fb_10192,MansoryBrickLaying_02,4701,severe_detected,severe,ok,0.279382092049253,0.011601164747497145,1.0
SAM-3DBody,field_all_fb_10195,MansoryBrickLaying_02,4704,severe_detected,severe,ok,0.2800713994346721,0.013312405026407811,1.0
SAM-3DBody,field_all_fb_10197,MansoryBrickLaying_02,4706,severe_detected,severe,ok,0.27902783073730336,0.013325054173020774,1.0
SAM-3DBody,field_all_fb_10200,MansoryBrickLaying_02,4709,severe_detected,severe,ok,0.28004326186996187,0.012858894194070415,1.0
SAM-3DBody,field_all_fb_10398,MansoryBrickLaying_02,4907,severe_detected,severe,ok,0.2764797718587814,0.015059291269429703,1.0
SAM-3DBody,field_all_fb_11080,MansoryBrickLaying_02,5589,severe_detected,severe,ok,0.27796092282946916,0.0047149820547127234,1.0
SAM-3DBody,field_all_fb_11085,MansoryBrickLaying_02,5594,severe_detected,severe,ok,0.2829053449666469,0.00537885223523651,1.0
SAM-3DBody,field_all_fb_11087,MansoryBrickLaying_02,5596,severe_detected,severe,ok,0.28703433009347196,0.005061480899253636,1.0
SAM-3DBody,field_all_fb_11142,MansoryBrickLaying_02,5651,severe_detected,severe,ok,0.2801831152268413,0.006673868933687502,1.0
SAM-3DBody,field_all_fb_11145,MansoryBrickLaying_02,5654,severe_detected,severe,ok,0.28035399352462176,0.005616693164791183,1.0
SAM-3DBody,field_all_fb_11147,MansoryBrickLaying_02,5656,severe_detected,severe,ok,0.28349591719909034,0.00524835283068809,1.0
SAM-3DBody,field_all_fb_11150,MansoryBrickLaying_02,5659,severe_detected,severe,ok,0.2803863887960758,0.006371072047601419,1.0
SAM-3DBody,field_all_fb_11155,MansoryBrickLaying_02,5664,severe_detected,severe,ok,0.2830963179617592,0.006599883945554927,1.0
SAM-3DBody,field_all_fb_11574,MansoryBrickLaying_02,6083,severe_detected,severe,ok,0.2791720377873369,0.012895381965137112,1.0
SAM-3DBody,field_all_fb_11648,MansoryBrickLaying_02,6157,severe_detected,severe,ok,0.2833964393224754,0.013723565241878469,1.0
SAM-3DBody,field_all_fb_11652,MansoryBrickLaying_02,6161,severe_detected,severe,ok,0.2842947832074607,0.013409036160463834,1.0
SAM-3DBody,field_all_fb_12457,MansoryBrickLaying_02,6966,severe_detected,severe,ok,0.28703575603533216,0.00413091370995519,1.0
SAM-3DBody,field_all_fb_12459,MansoryBrickLaying_02,6968,severe_detected,severe,ok,0.28735925858276234,0.004425423299419054,1.0
SAM-3DBody,field_all_fb_13182,MansoryCement_02,434,severe_detected,severe,ok,0.2666330754315259,0.010111139937311895,1.0
SAM-3DBody,field_all_fb_13190,MansoryCement_02,442,severe_detected,severe,ok,0.26904602038824377,0.006136593741317459,1.0
SAM-3DBody,field_all_fb_18858,RebarPlacement_00,998,severe_detected,severe,ok,0.27286526102029646,0.015126334945133888,1.0
SAM-3DBody,field_all_fb_19017,RebarPlacement_00,1157,severe_detected,severe,ok,0.2738721868954782,0.011924078042785823,1.0
SAM-3DBody,field_all_fb_19396,RebarPlacement_00,1536,severe_detected,severe,ok,0.28777082365928625,0.009230578380415523,1.0
SAM-3DBody,field_all_fb_21510,RebarPlacement_00,3650,severe_detected,severe,ok,0.2727636873898783,0.01147039926153501,1.0
SAM-3DBody,field_all_fb_21512,RebarPlacement_00,3652,severe_detected,severe,ok,0.2716867879964491,0.013554007650671489,1.0
SAM-3DBody,field_all_fb_29436,RebarTying_02,1369,severe_detected,severe,ok,0.2784643864729696,0.009155790592794909,1.0
SAM-3DBody,field_all_fb_00094,MansoryBrickLaying_00,93,severe_detection_failure_temporal_bbox,full,ok,0.27841763118786916,0.00676737298316485,1.0
SAM-3DBody,field_all_fb_01654,MansoryBrickLaying_00,1653,severe_detection_failure_temporal_bbox,full,ok,0.28293703684305027,0.022620761265417403,1.0
SAM-3DBody,field_all_fb_02938,MansoryBrickLaying_01,1275,severe_detection_failure_temporal_bbox,full,ok,0.28638973606818874,0.011058417030678024,1.0
SAM-3DBody,field_all_fb_03241,MansoryBrickLaying_01,1578,severe_detection_failure_temporal_bbox,full,ok,0.28232881812247307,0.00534643437604793,1.0
SAM-3DBody,field_all_fb_04272,MansoryBrickLaying_01,2609,severe_detection_failure_temporal_bbox,full,ok,0.2819829732369317,0.004423597140889537,1.0
SAM-3DBody,field_all_fb_04354,MansoryBrickLaying_01,2691,severe_detection_failure_temporal_bbox,full,ok,0.285594548784273,0.012647585643213458,1.0
SAM-3DBody,field_all_fb_04906,MansoryBrickLaying_01,3243,severe_detection_failure_temporal_bbox,full,ok,0.2854009996352378,0.009541534507738113,1.0
SAM-3DBody,field_all_fb_07573,MansoryBrickLaying_02,2082,severe_detection_failure_temporal_bbox,full,ok,0.26835888666275637,0.005028514112837719,1.0
SAM-3DBody,field_all_fb_09190,MansoryBrickLaying_02,3699,severe_detection_failure_temporal_bbox,full,ok,0.28532366761585,0.011882186072907051,1.0
SAM-3DBody,field_all_fb_09513,MansoryBrickLaying_02,4022,severe_detection_failure_temporal_bbox,full,ok,0.2864713766537241,0.009850746918226131,1.0
SAM-3DBody,field_all_fb_09591,MansoryBrickLaying_02,4100,severe_detection_failure_temporal_bbox,full,ok,0.28308106625337837,0.006983789137767124,1.0
SAM-3DBody,field_all_fb_09668,MansoryBrickLaying_02,4177,severe_detection_failure_temporal_bbox,full,ok,0.2873531715019114,0.006142008746280562,1.0
SAM-3DBody,field_all_fb_09941,MansoryBrickLaying_02,4450,severe_detection_failure_temporal_bbox,full,ok,0.2797659858991147,0.009085828588869508,1.0
SAM-3DBody,field_all_fb_10029,MansoryBrickLaying_02,4538,severe_detection_failure_temporal_bbox,full,ok,0.28707227402586377,0.022778410966090536,1.0
SAM-3DBody,field_all_fb_10377,MansoryBrickLaying_02,4886,severe_detection_failure_temporal_bbox,full,ok,0.28768147242219433,0.016368667267477804,1.0
SAM-3DBody,field_all_fb_11153,MansoryBrickLaying_02,5662,severe_detection_failure_temporal_bbox,full,ok,0.2849069669654417,0.00727088827873124,1.0
SAM-3DBody,field_all_fb_11792,MansoryBrickLaying_02,6301,severe_detection_failure_temporal_bbox,full,ok,0.2796158734834613,0.006748606532589578,1.0
SAM-3DBody,field_all_fb_12429,MansoryBrickLaying_02,6938,severe_detection_failure_temporal_bbox,full,ok,0.2856917020453223,0.003022530842738236,1.0
SAM-3DBody,field_all_fb_13179,MansoryCement_02,431,severe_detection_failure_temporal_bbox,full,ok,0.2718668135498328,0.010080916888948301,1.0
SAM-3DBody,field_all_fb_14692,MansoryCement_02,1944,severe_detection_failure_temporal_bbox,full,ok,0.2801746734873267,0.009027584942434918,1.0
SAM-3DBody,field_all_fb_16915,MansoryCement_02,4167,severe_detection_failure_temporal_bbox,full,ok,0.26570056478735826,0.005087666673466849,1.0
SAM-3DBody,field_all_fb_18554,RebarPlacement_00,694,severe_detection_failure_temporal_bbox,full,ok,0.27466698689392616,0.012318629376297519,1.0
SAM-3DBody,field_all_fb_18810,RebarPlacement_00,950,severe_detection_failure_temporal_bbox,full,ok,0.27210194687440753,0.012173587719328346,1.0
SAM-3DBody,field_all_fb_18963,RebarPlacement_00,1103,severe_detection_failure_temporal_bbox,full,ok,0.27132158709321713,0.0068847492024066955,1.0
SAM-3DBody,field_all_fb_19128,RebarPlacement_00,1268,severe_detection_failure_temporal_bbox,full,ok,0.2753627042131512,0.01165800765816731,1.0
SAM-3DBody,field_all_fb_19210,RebarPlacement_00,1350,severe_detection_failure_temporal_bbox,full,ok,0.2737079207487248,0.00592090612325883,1.0
SAM-3DBody,field_all_fb_19547,RebarPlacement_00,1687,severe_detection_failure_temporal_bbox,full,ok,0.2834601172084847,0.014180810697215393,1.0
SAM-3DBody,field_all_fb_20054,RebarPlacement_00,2194,severe_detection_failure_temporal_bbox,full,ok,0.2804789302205766,0.02104967108579302,1.0
SAM-3DBody,field_all_fb_20250,RebarPlacement_00,2390,severe_detection_failure_temporal_bbox,full,ok,0.2788718334161173,0.016988349005436245,1.0
SAM-3DBody,field_all_fb_20330,RebarPlacement_00,2470,severe_detection_failure_temporal_bbox,full,ok,0.27776606268108,0.012528619678551145,1.0
SAM-3DBody,field_all_fb_24446,RebarPlacement_00,6586,severe_detection_failure_temporal_bbox,full,ok,0.2813533723802889,0.01605158349153384,1.0
SAM-3DBody,field_all_fb_25124,RebarPlacement_00,7264,severe_detection_failure_temporal_bbox,full,ok,0.2878131722981144,0.01276860232523249,1.0
SAM-3DBody,field_all_fb_25890,RebarPlacement_00,8030,severe_detection_failure_temporal_bbox,full,ok,0.2872803235457744,0.007093855364214428,1.0
SAM-3DBody,field_all_fb_26353,RebarPlacement_00,8493,severe_detection_failure_temporal_bbox,full,ok,0.28203079453480095,0.018757991628871644,1.0
SAM-3DBody,field_all_fb_26549,RebarTying_01,181,severe_detection_failure_temporal_bbox,full,ok,0.2714438764553604,0.007086295608218184,1.0
SAM-3DBody,field_all_fb_27031,RebarTying_01,663,severe_detection_failure_temporal_bbox,full,ok,0.2730867426871775,0.004813260793483348,1.0
SAM-3DBody,field_all_fb_27262,RebarTying_01,894,severe_detection_failure_temporal_bbox,full,ok,0.27432483849791384,0.024125290479764454,1.0
SAM-3DBody,field_all_fb_27395,RebarTying_01,1027,severe_detection_failure_temporal_bbox,full,ok,0.27159450218377523,0.006252928146463042,1.0
SAM-3DBody,field_all_fb_28474,RebarTying_02,407,severe_detection_failure_temporal_bbox,full,ok,0.2817665103892598,0.016338647757956164,1.0
SAM-3DBody,field_all_fb_28614,RebarTying_02,547,severe_detection_failure_temporal_bbox,full,ok,0.2796569194120044,0.020252784406561284,1.0
SAM-3DBody,field_all_fb_28720,RebarTying_02,653,severe_detection_failure_temporal_bbox,full,ok,0.2790914431322657,0.021882914071655133,1.0
SAM-3DBody,field_all_fb_29150,RebarTying_02,1083,severe_detection_failure_temporal_bbox,full,ok,0.2708622935178407,0.0201253670799744,1.0
SAM-3DBody,field_all_fb_30290,WallPlacement_00,305,severe_detection_failure_temporal_bbox,full,ok,0.29040232034362595,0.0101566319525188,1.0
SAM-3DBody,field_all_fb_30421,WallPlacement_00,436,severe_detection_failure_temporal_bbox,full,ok,0.28780827023485417,0.020947686560097767,1.0
SAM-3DBody,field_all_fb_30540,WallPlacement_00,555,severe_detection_failure_temporal_bbox,full,ok,0.2882574166482452,0.013237228677723449,1.0
SAM-3DBody,field_all_fb_30882,WallPlacement_00,897,severe_detection_failure_temporal_bbox,full,ok,0.2872805416685731,0.018767804737708463,1.0
SAM-3DBody,field_all_fb_33235,WallPlacement_00,3250,severe_detection_failure_temporal_bbox,full,ok,0.28478628607606976,0.02004959394079454,1.0
SAM-3DBody,field_all_fb_34658,WallPlacement_00,4673,severe_detection_failure_temporal_bbox,full,ok,0.28382740462492556,0.015463445949842324,1.0
SAM-3DBody,field_all_fb_38664,WallPlacement_00,8679,severe_detection_failure_temporal_bbox,full,ok,0.2932988775578481,0.016772998634633062,1.0
SAM-3DBody,field_all_fb_40064,WallPlacement_00,10079,severe_detection_failure_temporal_bbox,full,ok,0.28876074014045827,0.013410949539630254,1.0
AlphaPose-MotionBERT,field_all_fb_00001,MansoryBrickLaying_00,0,none,none,ok,0.3275231944912349,0.08022048944216462,1.0
AlphaPose-MotionBERT,field_all_fb_00661,MansoryBrickLaying_00,660,none,none,ok,0.31115194264836715,0.045005844697372226,1.0
AlphaPose-MotionBERT,field_all_fb_01323,MansoryBrickLaying_00,1322,none,none,ok,0.302605888370097,0.13416024753896538,1.0
AlphaPose-MotionBERT,field_all_fb_01946,MansoryBrickLaying_01,283,none,none,ok,0.1686749805757524,0.04834736919019401,1.0
AlphaPose-MotionBERT,field_all_fb_02617,MansoryBrickLaying_01,954,none,none,ok,0.17426410343062462,0.13495980282815398,1.0
AlphaPose-MotionBERT,field_all_fb_03383,MansoryBrickLaying_01,1720,none,none,ok,0.15462818524639757,0.06979758644225847,1.0
AlphaPose-MotionBERT,field_all_fb_04009,MansoryBrickLaying_01,2346,none,none,ok,0.15511298864175063,0.07442823859286284,1.0
AlphaPose-MotionBERT,field_all_fb_04790,MansoryBrickLaying_01,3127,none,none,ok,0.15789606164984804,0.052027855298402786,1.0
AlphaPose-MotionBERT,field_all_fb_05531,MansoryBrickLaying_02,40,none,none,ok,0.15659888308649692,0.054165418707168844,1.0
AlphaPose-MotionBERT,field_all_fb_06236,MansoryBrickLaying_02,745,none,none,ok,0.19130579391223287,0.05784153344844573,1.0
AlphaPose-MotionBERT,field_all_fb_07148,MansoryBrickLaying_02,1657,none,none,ok,0.18944670049428988,0.1150302057406103,1.0
AlphaPose-MotionBERT,field_all_fb_08172,MansoryBrickLaying_02,2681,none,none,ok,0.22671789553168922,0.05871183816026935,1.0
AlphaPose-MotionBERT,field_all_fb_08862,MansoryBrickLaying_02,3371,none,none,ok,0.19643774131770947,0.062180659822965695,1.0
AlphaPose-MotionBERT,field_all_fb_09774,MansoryBrickLaying_02,4283,none,none,ok,0.15967038720954208,0.0950802497059683,1.0
AlphaPose-MotionBERT,field_all_fb_10762,MansoryBrickLaying_02,5271,none,none,ok,0.15248044279789746,0.11215584186271217,1.0
AlphaPose-MotionBERT,field_all_fb_11506,MansoryBrickLaying_02,6015,none,none,ok,0.15488539711440635,0.05366676876841881,1.0
AlphaPose-MotionBERT,field_all_fb_12227,MansoryBrickLaying_02,6736,none,none,ok,0.15885266414481353,0.09335116125343355,1.0
AlphaPose-MotionBERT,field_all_fb_12962,MansoryCement_02,214,none,none,ok,0.13005620715810487,0.054921917444667546,1.0
AlphaPose-MotionBERT,field_all_fb_13696,MansoryCement_02,948,none,none,ok,0.10135034545405433,0.09194744915734203,1.0
AlphaPose-MotionBERT,field_all_fb_14323,MansoryCement_02,1575,none,none,ok,0.10239154453537479,0.06734287024255031,1.0
AlphaPose-MotionBERT,field_all_fb_14958,MansoryCement_02,2210,none,none,ok,0.10354530807230534,0.08300189646360413,1.0
AlphaPose-MotionBERT,field_all_fb_15609,MansoryCement_02,2861,none,none,ok,0.11063943247712768,0.13778101382678073,1.0
AlphaPose-MotionBERT,field_all_fb_16268,MansoryCement_02,3520,none,none,ok,0.17640419588900558,0.046302781615118145,1.0
AlphaPose-MotionBERT,field_all_fb_17061,MansoryCement_02,4313,none,none,ok,0.15780811162007558,0.05006278712373294,1.0
AlphaPose-MotionBERT,field_all_fb_17658,MansoryCement_02,4910,none,none,ok,0.16981842095019,0.044651794363676445,1.0
AlphaPose-MotionBERT,field_all_fb_18303,RebarPlacement_00,443,none,none,ok,0.1685800683862802,0.07548654691899973,1.0
AlphaPose-MotionBERT,field_all_fb_19756,RebarPlacement_00,1896,none,none,ok,0.18368923372518214,0.09409122959574934,1.0
AlphaPose-MotionBERT,field_all_fb_21589,RebarPlacement_00,3729,none,none,ok,0.320387164109503,0.08518308641347117,1.0
AlphaPose-MotionBERT,field_all_fb_22263,RebarPlacement_00,4403,none,none,ok,0.13729669330550326,0.08273130057806062,1.0
AlphaPose-MotionBERT,field_all_fb_22919,RebarPlacement_00,5059,none,none,ok,0.13157438176288994,0.08462119193878713,1.0
AlphaPose-MotionBERT,field_all_fb_23540,RebarPlacement_00,5680,none,none,ok,0.11213820686325823,0.09788475152758512,1.0
AlphaPose-MotionBERT,field_all_fb_24233,RebarPlacement_00,6373,none,none,ok,0.1190371003192101,0.06275263440556593,1.0
AlphaPose-MotionBERT,field_all_fb_24886,RebarPlacement_00,7026,none,none,ok,0.10270943014471551,0.11890507703680542,1.0
AlphaPose-MotionBERT,field_all_fb_25583,RebarPlacement_00,7723,none,none,ok,0.10166403617714671,0.06133213227745379,1.0
AlphaPose-MotionBERT,field_all_fb_26311,RebarPlacement_00,8451,none,none,ok,0.10249207117926916,0.034012124064778326,1.0
AlphaPose-MotionBERT,field_all_fb_27549,RebarTying_01,1181,none,none,ok,0.21275269604341668,0.18315830302014216,1.0
AlphaPose-MotionBERT,field_all_fb_28418,RebarTying_02,351,none,none,ok,0.5157237187141434,0.17080338858745836,1.0
AlphaPose-MotionBERT,field_all_fb_30781,WallPlacement_00,796,none,none,ok,0.20170154779729607,0.07902946436220717,1.0
AlphaPose-MotionBERT,field_all_fb_31471,WallPlacement_00,1486,none,none,ok,0.20007798721921216,0.03530801420222498,1.0
AlphaPose-MotionBERT,field_all_fb_32449,WallPlacement_00,2464,none,none,ok,0.19537666754567667,0.08558410766496438,1.0
AlphaPose-MotionBERT,field_all_fb_33069,WallPlacement_00,3084,none,none,ok,0.18022163599890847,0.12277770271540946,1.0
AlphaPose-MotionBERT,field_all_fb_33952,WallPlacement_00,3967,none,none,ok,0.17065636286887362,0.13541130473767934,1.0
AlphaPose-MotionBERT,field_all_fb_35127,WallPlacement_00,5142,none,none,ok,0.18098391901887625,0.08288422012910228,1.0
AlphaPose-MotionBERT,field_all_fb_36487,WallPlacement_00,6502,none,none,ok,0.184135468112255,0.10356357225421216,1.0
AlphaPose-MotionBERT,field_all_fb_37086,WallPlacement_00,7101,none,none,ok,0.18032604197351515,0.05227746440371358,1.0
AlphaPose-MotionBERT,field_all_fb_37683,WallPlacement_00,7698,none,none,ok,0.18762266045740808,0.10484270754571744,1.0
AlphaPose-MotionBERT,field_all_fb_38322,WallPlacement_00,8337,none,none,ok,0.21335590133698024,0.04833069356514047,1.0
AlphaPose-MotionBERT,field_all_fb_39211,WallPlacement_00,9226,none,none,ok,0.21048466287957737,0.08015079549854778,1.0
AlphaPose-MotionBERT,field_all_fb_39816,WallPlacement_00,9831,none,none,ok,0.21332906258430434,0.03800943631229784,1.0
AlphaPose-MotionBERT,field_all_fb_40491,WallPlacement_00,10506,none,none,ok,0.20737231918016782,0.10585165124145078,1.0
AlphaPose-MotionBERT,field_all_fb_00209,MansoryBrickLaying_00,208,partial,mild,ok,0.31106264380540505,0.04383526655868849,1.0
AlphaPose-MotionBERT,field_all_fb_04218,MansoryBrickLaying_01,2555,partial,mild,ok,0.1606839659137362,0.09829072672430632,1.0
AlphaPose-MotionBERT,field_all_fb_05851,MansoryBrickLaying_02,360,partial,mild,ok,0.20403884256308352,0.03312475985656763,1.0
AlphaPose-MotionBERT,field_all_fb_06464,MansoryBrickLaying_02,973,partial,mild,ok,0.18178469792557353,0.04052137028771194,1.0
AlphaPose-MotionBERT,field_all_fb_07023,MansoryBrickLaying_02,1532,partial,mild,ok,0.21828886670031591,0.09662696617581967,1.0
AlphaPose-MotionBERT,field_all_fb_07325,MansoryBrickLaying_02,1834,partial,mild,ok,0.2040354067564132,0.04877622156677263,1.0
AlphaPose-MotionBERT,field_all_fb_07598,MansoryBrickLaying_02,2107,partial,moderate,ok,0.18126317711209128,0.1121100941047729,1.0
AlphaPose-MotionBERT,field_all_fb_08603,MansoryBrickLaying_02,3112,partial,mild,ok,0.18495629387259777,0.022943357904706353,1.0
AlphaPose-MotionBERT,field_all_fb_10809,MansoryBrickLaying_02,5318,partial,mild,ok,0.1597293157358489,0.06331202055087501,1.0
AlphaPose-MotionBERT,field_all_fb_13083,MansoryCement_02,335,partial,mild,ok,0.10117488947057278,0.03681714311466707,1.0
AlphaPose-MotionBERT,field_all_fb_15693,MansoryCement_02,2945,partial,mild,ok,0.09482678332878117,0.07042361160762803,1.0
AlphaPose-MotionBERT,field_all_fb_18214,RebarPlacement_00,354,partial,mild,ok,0.16897593270337483,0.06318162831313144,1.0
AlphaPose-MotionBERT,field_all_fb_18847,RebarPlacement_00,987,partial,mild,ok,0.16111041465825057,0.1064165876477079,1.0
AlphaPose-MotionBERT,field_all_fb_19436,RebarPlacement_00,1576,partial,moderate,ok,0.13870968732764172,0.15861407194194854,1.0
AlphaPose-MotionBERT,field_all_fb_20015,RebarPlacement_00,2155,partial,mild,ok,0.2770261950251415,0.16879332812534623,1.0
AlphaPose-MotionBERT,field_all_fb_20414,RebarPlacement_00,2554,partial,mild,ok,0.27230649924237643,0.11610153343305825,1.0
AlphaPose-MotionBERT,field_all_fb_20588,RebarPlacement_00,2728,partial,mild,ok,0.2689632017796481,0.24700749882748582,1.0
AlphaPose-MotionBERT,field_all_fb_20762,RebarPlacement_00,2902,partial,mild,ok,0.27003614627505496,0.29770687352443914,1.0
AlphaPose-MotionBERT,field_all_fb_20964,RebarPlacement_00,3104,partial,mild,ok,0.2693951558791318,0.19094993421111672,1.0
AlphaPose-MotionBERT,field_all_fb_21152,RebarPlacement_00,3292,partial,mild,ok,0.27681631138488927,0.190219580418341,1.0
AlphaPose-MotionBERT,field_all_fb_21371,RebarPlacement_00,3511,partial,mild,ok,0.27257228271728173,0.18902339467795978,1.0
AlphaPose-MotionBERT,field_all_fb_22124,RebarPlacement_00,4264,partial,mild,ok,0.13542141480250666,0.10649003509821868,1.0
AlphaPose-MotionBERT,field_all_fb_24481,RebarPlacement_00,6621,partial,mild,ok,0.11045744055194137,0.08092576532145862,1.0
AlphaPose-MotionBERT,field_all_fb_26868,RebarTying_01,500,partial,mild,ok,0.22156363747028177,0.1365091696625679,1.0
AlphaPose-MotionBERT,field_all_fb_27431,RebarTying_01,1063,partial,mild,ok,0.2025310305834422,0.16987359572753288,1.0
AlphaPose-MotionBERT,field_all_fb_27899,RebarTying_01,1531,partial,mild,ok,0.22539608914016143,0.26129080284430856,1.0
AlphaPose-MotionBERT,field_all_fb_28450,RebarTying_02,383,partial,mild,ok,0.5299733632400626,0.19040276870343997,1.0
AlphaPose-MotionBERT,field_all_fb_28911,RebarTying_02,844,partial,mild,ok,0.4618591034808602,0.20233240416999618,1.0
AlphaPose-MotionBERT,field_all_fb_29110,RebarTying_02,1043,partial,mild,ok,0.475907339821214,0.17043160004702637,1.0
AlphaPose-MotionBERT,field_all_fb_29277,RebarTying_02,1210,partial,mild,ok,0.45235150670378377,0.14192011083380238,1.0
AlphaPose-MotionBERT,field_all_fb_29444,RebarTying_02,1377,partial,mild,ok,0.4369715245420338,0.20952996496687729,1.0
AlphaPose-MotionBERT,field_all_fb_29605,RebarTying_02,1538,partial,mild,ok,0.4646590986637354,0.13966526895816064,1.0
AlphaPose-MotionBERT,field_all_fb_29770,RebarTying_02,1703,partial,moderate,ok,0.4552926791688453,0.3169127841196794,1.0
AlphaPose-MotionBERT,field_all_fb_29920,RebarTying_02,1853,partial,moderate,ok,0.4530749527524813,0.2525839022364836,1.0
AlphaPose-MotionBERT,field_all_fb_30585,WallPlacement_00,600,partial,mild,ok,0.17454823970812933,0.16674215885481483,1.0
AlphaPose-MotionBERT,field_all_fb_31934,WallPlacement_00,1949,partial,mild,ok,0.19558338564981567,0.09737493010030894,1.0
AlphaPose-MotionBERT,field_all_fb_32085,WallPlacement_00,2100,partial,mild,ok,0.19237947985395404,0.08615806762662125,1.0
AlphaPose-MotionBERT,field_all_fb_33519,WallPlacement_00,3534,partial,mild,ok,0.19044880262808442,0.12062643104731842,1.0
AlphaPose-MotionBERT,field_all_fb_33696,WallPlacement_00,3711,partial,mild,ok,0.182638008917493,0.10600257168545026,1.0
AlphaPose-MotionBERT,field_all_fb_34223,WallPlacement_00,4238,partial,mild,ok,0.17568591341011208,0.1299614445754803,1.0
AlphaPose-MotionBERT,field_all_fb_34378,WallPlacement_00,4393,partial,mild,ok,0.18039189501288513,0.13453237205662408,1.0
AlphaPose-MotionBERT,field_all_fb_34738,WallPlacement_00,4753,partial,mild,ok,0.1814217244297564,0.046356639212211226,1.0
AlphaPose-MotionBERT,field_all_fb_35173,WallPlacement_00,5188,partial,mild,ok,0.18111471587598943,0.07487181536301053,1.0
AlphaPose-MotionBERT,field_all_fb_35353,WallPlacement_00,5368,partial,mild,ok,0.1845531090079919,0.08773353314976799,1.0
AlphaPose-MotionBERT,field_all_fb_35510,WallPlacement_00,5525,partial,mild,ok,0.18629868234221364,0.08747491494817593,1.0
AlphaPose-MotionBERT,field_all_fb_35669,WallPlacement_00,5684,partial,mild,ok,0.18368608994329763,0.12751078858859047,1.0
AlphaPose-MotionBERT,field_all_fb_35972,WallPlacement_00,5987,partial,mild,ok,0.1829035969158538,0.08667885000862113,1.0
AlphaPose-MotionBERT,field_all_fb_38209,WallPlacement_00,8224,partial,mild,ok,0.17330688155557483,0.05024023939250106,1.0
AlphaPose-MotionBERT,field_all_fb_38912,WallPlacement_00,8927,partial,moderate,ok,0.20014282503698022,0.06430859738171517,1.0
AlphaPose-MotionBERT,field_all_fb_40302,WallPlacement_00,10317,partial,mild,ok,0.21262567040938135,0.060430191490683426,1.0
AlphaPose-MotionBERT,field_all_fb_04580,MansoryBrickLaying_01,2917,severe_detected,full,ok,0.11335293979507494,0.2165311669394777,1.0
AlphaPose-MotionBERT,field_all_fb_07222,MansoryBrickLaying_02,1731,severe_detected,severe,ok,0.18464677587486553,0.07679757512876516,1.0
AlphaPose-MotionBERT,field_all_fb_07225,MansoryBrickLaying_02,1734,severe_detected,severe,ok,0.18331963950875962,0.07484359210676221,1.0
AlphaPose-MotionBERT,field_all_fb_07250,MansoryBrickLaying_02,1759,severe_detected,severe,ok,0.17719071450962123,0.13237869170309363,1.0
AlphaPose-MotionBERT,field_all_fb_07252,MansoryBrickLaying_02,1761,severe_detected,severe,ok,0.17768800161915696,0.13902452502705775,1.0
AlphaPose-MotionBERT,field_all_fb_07255,MansoryBrickLaying_02,1764,severe_detected,severe,ok,0.17845171916028427,0.14308234029888256,1.0
AlphaPose-MotionBERT,field_all_fb_07261,MansoryBrickLaying_02,1770,severe_detected,severe,ok,0.18067815336465434,0.13145588541886274,1.0
AlphaPose-MotionBERT,field_all_fb_07263,MansoryBrickLaying_02,1772,severe_detected,severe,ok,0.18104585827889208,0.13117125751163622,1.0
AlphaPose-MotionBERT,field_all_fb_07297,MansoryBrickLaying_02,1806,severe_detected,severe,ok,0.21534732255436662,0.12915554765204926,1.0
AlphaPose-MotionBERT,field_all_fb_07299,MansoryBrickLaying_02,1808,severe_detected,severe,ok,0.21651419801823202,0.1281761061311792,1.0
AlphaPose-MotionBERT,field_all_fb_07465,MansoryBrickLaying_02,1974,severe_detected,severe,ok,0.17228491827994116,0.1609849919994556,1.0
AlphaPose-MotionBERT,field_all_fb_08546,MansoryBrickLaying_02,3055,severe_detected,severe,ok,0.1653072874701485,0.1070799352965015,1.0
AlphaPose-MotionBERT,field_all_fb_09191,MansoryBrickLaying_02,3700,severe_detected,severe,ok,0.1493166124833938,0.02395915948439323,1.0
AlphaPose-MotionBERT,field_all_fb_09195,MansoryBrickLaying_02,3704,severe_detected,severe,ok,0.14857053727186129,0.035579858529134124,1.0
AlphaPose-MotionBERT,field_all_fb_09795,MansoryBrickLaying_02,4304,severe_detected,severe,ok,0.1470189717659593,0.12729668972941535,1.0
AlphaPose-MotionBERT,field_all_fb_09953,MansoryBrickLaying_02,4462,severe_detected,severe,ok,0.10283775386895555,0.26697153990424055,1.0
AlphaPose-MotionBERT,field_all_fb_09955,MansoryBrickLaying_02,4464,severe_detected,severe,ok,0.104074422178123,0.22761379546457983,1.0
AlphaPose-MotionBERT,field_all_fb_09958,MansoryBrickLaying_02,4467,severe_detected,severe,ok,0.10544801952506878,0.3074921455548034,1.0
AlphaPose-MotionBERT,field_all_fb_09962,MansoryBrickLaying_02,4471,severe_detected,severe,ok,0.10848993561865389,0.39519961378230023,1.0
AlphaPose-MotionBERT,field_all_fb_10064,MansoryBrickLaying_02,4573,severe_detected,severe,ok,0.13484585472385413,0.08205940125231274,1.0
AlphaPose-MotionBERT,field_all_fb_10179,MansoryBrickLaying_02,4688,severe_detected,severe,ok,0.13786859897792134,0.09883769947282876,1.0
AlphaPose-MotionBERT,field_all_fb_10182,MansoryBrickLaying_02,4691,severe_detected,severe,ok,0.12924787598419293,0.12947478951935446,1.0
AlphaPose-MotionBERT,field_all_fb_10186,MansoryBrickLaying_02,4695,severe_detected,severe,ok,0.12103921382189743,0.14958384668920793,1.0
AlphaPose-MotionBERT,field_all_fb_10190,MansoryBrickLaying_02,4699,severe_detected,severe,ok,0.11682019255147061,0.1792540757197818,1.0
AlphaPose-MotionBERT,field_all_fb_10192,MansoryBrickLaying_02,4701,severe_detected,severe,ok,0.11611347705796304,0.18421880105224067,1.0
AlphaPose-MotionBERT,field_all_fb_10195,MansoryBrickLaying_02,4704,severe_detected,severe,ok,0.11641120075568877,0.19180894028938802,1.0
AlphaPose-MotionBERT,field_all_fb_10197,MansoryBrickLaying_02,4706,severe_detected,severe,ok,0.11732369431469662,0.1986374597512992,1.0
AlphaPose-MotionBERT,field_all_fb_10200,MansoryBrickLaying_02,4709,severe_detected,severe,ok,0.12042236221859318,0.2076740381862109,1.0
AlphaPose-MotionBERT,field_all_fb_10398,MansoryBrickLaying_02,4907,severe_detected,severe,ok,0.14401493222502484,0.09390269688828261,1.0
AlphaPose-MotionBERT,field_all_fb_11080,MansoryBrickLaying_02,5589,severe_detected,severe,ok,0.12481400806635629,0.08403297494696106,1.0
AlphaPose-MotionBERT,field_all_fb_11085,MansoryBrickLaying_02,5594,severe_detected,severe,ok,0.13526587243023372,0.10496280166122927,1.0
AlphaPose-MotionBERT,field_all_fb_11087,MansoryBrickLaying_02,5596,severe_detected,severe,ok,0.13885412638844702,0.09944122362005736,1.0
AlphaPose-MotionBERT,field_all_fb_11142,MansoryBrickLaying_02,5651,severe_detected,severe,ok,0.13887059265392196,0.032312912661537206,1.0
AlphaPose-MotionBERT,field_all_fb_11145,MansoryBrickLaying_02,5654,severe_detected,severe,ok,0.13459831065767563,0.04678774801459859,1.0
AlphaPose-MotionBERT,field_all_fb_11147,MansoryBrickLaying_02,5656,severe_detected,severe,ok,0.13253071662454682,0.05980369187990426,1.0
AlphaPose-MotionBERT,field_all_fb_11150,MansoryBrickLaying_02,5659,severe_detected,severe,ok,0.1318555493427033,0.06896436098580172,1.0
AlphaPose-MotionBERT,field_all_fb_11155,MansoryBrickLaying_02,5664,severe_detected,severe,ok,0.13435106482405562,0.04908125245544139,1.0
AlphaPose-MotionBERT,field_all_fb_11574,MansoryBrickLaying_02,6083,severe_detected,severe,ok,0.15831557013250003,0.09221374974372942,1.0
AlphaPose-MotionBERT,field_all_fb_11648,MansoryBrickLaying_02,6157,severe_detected,severe,ok,0.15659846123848212,0.08072122029945382,1.0
AlphaPose-MotionBERT,field_all_fb_11652,MansoryBrickLaying_02,6161,severe_detected,severe,ok,0.1568117256084555,0.08954025046313756,1.0
AlphaPose-MotionBERT,field_all_fb_12457,MansoryBrickLaying_02,6966,severe_detected,severe,ok,0.12664540005898892,0.11922774579892144,1.0
AlphaPose-MotionBERT,field_all_fb_12459,MansoryBrickLaying_02,6968,severe_detected,severe,ok,0.1262242163388844,0.11229351339412848,1.0
AlphaPose-MotionBERT,field_all_fb_13182,MansoryCement_02,434,severe_detected,severe,ok,0.1104783989594885,0.06130011944473476,1.0
AlphaPose-MotionBERT,field_all_fb_13190,MansoryCement_02,442,severe_detected,severe,ok,0.11186516654707172,0.09478050547148852,1.0
AlphaPose-MotionBERT,field_all_fb_18858,RebarPlacement_00,998,severe_detected,severe,ok,0.15858384843767978,0.11215660858319838,1.0
AlphaPose-MotionBERT,field_all_fb_19017,RebarPlacement_00,1157,severe_detected,severe,ok,0.15825526770112314,0.09770900379739605,1.0
AlphaPose-MotionBERT,field_all_fb_19396,RebarPlacement_00,1536,severe_detected,severe,ok,0.14094006360834177,0.0979450049249526,1.0
AlphaPose-MotionBERT,field_all_fb_21510,RebarPlacement_00,3650,severe_detected,severe,ok,0.2576836559818274,0.1907959123329824,1.0
AlphaPose-MotionBERT,field_all_fb_21512,RebarPlacement_00,3652,severe_detected,severe,ok,0.2605647294553334,0.20091959000882387,1.0
AlphaPose-MotionBERT,field_all_fb_29436,RebarTying_02,1369,severe_detected,severe,ok,0.42779059748128,0.2372787800348345,1.0
AlphaPose-MotionBERT,field_all_fb_00094,MansoryBrickLaying_00,93,severe_detection_failure_temporal_bbox,full,ok,0.33355864942781194,0.061759894804024114,1.0
AlphaPose-MotionBERT,field_all_fb_01654,MansoryBrickLaying_00,1653,severe_detection_failure_temporal_bbox,full,ok,0.3164600617996002,0.16643020461075742,1.0
AlphaPose-MotionBERT,field_all_fb_02938,MansoryBrickLaying_01,1275,severe_detection_failure_temporal_bbox,full,ok,0.15251373855618242,0.09147248445710003,1.0
AlphaPose-MotionBERT,field_all_fb_03241,MansoryBrickLaying_01,1578,severe_detection_failure_temporal_bbox,full,ok,0.1569666612362977,0.0814934930772271,1.0
AlphaPose-MotionBERT,field_all_fb_04272,MansoryBrickLaying_01,2609,severe_detection_failure_temporal_bbox,full,ok,0.15947253721566357,0.06156143022550287,1.0
AlphaPose-MotionBERT,field_all_fb_04354,MansoryBrickLaying_01,2691,severe_detection_failure_temporal_bbox,full,ok,0.15534503977929684,0.06272729700926592,1.0
AlphaPose-MotionBERT,field_all_fb_04906,MansoryBrickLaying_01,3243,severe_detection_failure_temporal_bbox,full,ok,0.15494923439251426,0.11898720989544846,1.0
AlphaPose-MotionBERT,field_all_fb_07573,MansoryBrickLaying_02,2082,severe_detection_failure_temporal_bbox,full,ok,0.20179128141513275,0.10570669017690154,1.0
AlphaPose-MotionBERT,field_all_fb_09190,MansoryBrickLaying_02,3699,severe_detection_failure_temporal_bbox,full,ok,0.14951588642311178,0.03066642393608018,1.0
AlphaPose-MotionBERT,field_all_fb_09513,MansoryBrickLaying_02,4022,severe_detection_failure_temporal_bbox,full,ok,0.15276478700423593,0.05695579073038393,1.0
AlphaPose-MotionBERT,field_all_fb_09591,MansoryBrickLaying_02,4100,severe_detection_failure_temporal_bbox,full,ok,0.15182097281353207,0.07191066200538158,1.0
AlphaPose-MotionBERT,field_all_fb_09668,MansoryBrickLaying_02,4177,severe_detection_failure_temporal_bbox,full,ok,0.14445634358926981,0.10848200917026524,1.0
AlphaPose-MotionBERT,field_all_fb_09941,MansoryBrickLaying_02,4450,severe_detection_failure_temporal_bbox,full,ok,0.1334856769853567,0.14823359484568774,1.0
AlphaPose-MotionBERT,field_all_fb_10029,MansoryBrickLaying_02,4538,severe_detection_failure_temporal_bbox,full,ok,0.10421928546166087,0.27918637651445594,1.0
AlphaPose-MotionBERT,field_all_fb_10377,MansoryBrickLaying_02,4886,severe_detection_failure_temporal_bbox,full,ok,0.14697192076434573,0.11370970759793993,1.0
AlphaPose-MotionBERT,field_all_fb_11153,MansoryBrickLaying_02,5662,severe_detection_failure_temporal_bbox,full,ok,0.13193595051186097,0.06367102165067726,1.0
AlphaPose-MotionBERT,field_all_fb_11792,MansoryBrickLaying_02,6301,severe_detection_failure_temporal_bbox,full,ok,0.15796711823250986,0.06718166465498432,1.0
AlphaPose-MotionBERT,field_all_fb_12429,MansoryBrickLaying_02,6938,severe_detection_failure_temporal_bbox,full,ok,0.1285714344134776,0.13979377339616927,1.0
AlphaPose-MotionBERT,field_all_fb_13179,MansoryCement_02,431,severe_detection_failure_temporal_bbox,full,ok,0.11081413747471015,0.05744309158409575,1.0
AlphaPose-MotionBERT,field_all_fb_14692,MansoryCement_02,1944,severe_detection_failure_temporal_bbox,full,ok,0.11141742608945718,0.05892640325600232,1.0
AlphaPose-MotionBERT,field_all_fb_16915,MansoryCement_02,4167,severe_detection_failure_temporal_bbox,full,ok,0.15602373088117952,0.03690773302693006,1.0
AlphaPose-MotionBERT,field_all_fb_18554,RebarPlacement_00,694,severe_detection_failure_temporal_bbox,full,ok,0.15937635989932591,0.09789471196827375,1.0
AlphaPose-MotionBERT,field_all_fb_18810,RebarPlacement_00,950,severe_detection_failure_temporal_bbox,full,ok,0.1575982193241434,0.11886019618201243,1.0
AlphaPose-MotionBERT,field_all_fb_18963,RebarPlacement_00,1103,severe_detection_failure_temporal_bbox,full,ok,0.15832440694904298,0.09355975355981432,1.0
AlphaPose-MotionBERT,field_all_fb_19128,RebarPlacement_00,1268,severe_detection_failure_temporal_bbox,full,ok,0.1560958080929771,0.06891585304787472,1.0
AlphaPose-MotionBERT,field_all_fb_19210,RebarPlacement_00,1350,severe_detection_failure_temporal_bbox,full,ok,0.15951569002876523,0.05838361371174127,1.0
AlphaPose-MotionBERT,field_all_fb_19547,RebarPlacement_00,1687,severe_detection_failure_temporal_bbox,full,ok,0.1381677323855792,0.18411318767676002,1.0
AlphaPose-MotionBERT,field_all_fb_20054,RebarPlacement_00,2194,severe_detection_failure_temporal_bbox,full,ok,0.26737743372661393,0.12715351642984776,1.0
AlphaPose-MotionBERT,field_all_fb_20250,RebarPlacement_00,2390,severe_detection_failure_temporal_bbox,full,ok,0.27452706435461666,0.07762215376372467,1.0
AlphaPose-MotionBERT,field_all_fb_20330,RebarPlacement_00,2470,severe_detection_failure_temporal_bbox,full,ok,0.27558041459987503,0.13688350752328063,1.0
AlphaPose-MotionBERT,field_all_fb_24446,RebarPlacement_00,6586,severe_detection_failure_temporal_bbox,full,ok,0.11010844545207767,0.03831858332419303,1.0
AlphaPose-MotionBERT,field_all_fb_25124,RebarPlacement_00,7264,severe_detection_failure_temporal_bbox,full,ok,0.10657768125281392,0.05174497724212999,1.0
AlphaPose-MotionBERT,field_all_fb_25890,RebarPlacement_00,8030,severe_detection_failure_temporal_bbox,full,ok,0.09904094296631266,0.058558769169839535,1.0
AlphaPose-MotionBERT,field_all_fb_26353,RebarPlacement_00,8493,severe_detection_failure_temporal_bbox,full,ok,0.1045874657797474,0.05531763789802421,1.0
AlphaPose-MotionBERT,field_all_fb_26549,RebarTying_01,181,severe_detection_failure_temporal_bbox,full,ok,0.1867194932925158,0.1527104320163536,1.0
AlphaPose-MotionBERT,field_all_fb_27031,RebarTying_01,663,severe_detection_failure_temporal_bbox,full,ok,0.2261530165207977,0.10178040948231447,1.0
AlphaPose-MotionBERT,field_all_fb_27262,RebarTying_01,894,severe_detection_failure_temporal_bbox,full,ok,0.2241354765613874,0.15850469133117365,1.0
AlphaPose-MotionBERT,field_all_fb_27395,RebarTying_01,1027,severe_detection_failure_temporal_bbox,full,ok,0.21688252682062195,0.1958779983536155,1.0
AlphaPose-MotionBERT,field_all_fb_28474,RebarTying_02,407,severe_detection_failure_temporal_bbox,full,ok,0.5187172712527721,0.19430986117518464,1.0
AlphaPose-MotionBERT,field_all_fb_28614,RebarTying_02,547,severe_detection_failure_temporal_bbox,full,ok,0.5139553859029928,0.15230507606026275,1.0
AlphaPose-MotionBERT,field_all_fb_28720,RebarTying_02,653,severe_detection_failure_temporal_bbox,full,ok,0.5146898992133165,0.15873158869174145,1.0
AlphaPose-MotionBERT,field_all_fb_29150,RebarTying_02,1083,severe_detection_failure_temporal_bbox,full,ok,0.4681620756204378,0.19181475250679655,1.0
AlphaPose-MotionBERT,field_all_fb_30290,WallPlacement_00,305,severe_detection_failure_temporal_bbox,full,ok,0.172427133548071,0.21797909999532447,1.0
AlphaPose-MotionBERT,field_all_fb_30421,WallPlacement_00,436,severe_detection_failure_temporal_bbox,full,ok,0.177215796811932,0.07572286605695039,1.0
AlphaPose-MotionBERT,field_all_fb_30540,WallPlacement_00,555,severe_detection_failure_temporal_bbox,full,ok,0.17647999928750593,0.09146188073230783,1.0
AlphaPose-MotionBERT,field_all_fb_30882,WallPlacement_00,897,severe_detection_failure_temporal_bbox,full,ok,0.21607888533604325,0.15027895380783188,1.0
AlphaPose-MotionBERT,field_all_fb_33235,WallPlacement_00,3250,severe_detection_failure_temporal_bbox,full,ok,0.18323326270668555,0.16931294952284034,1.0
AlphaPose-MotionBERT,field_all_fb_34658,WallPlacement_00,4673,severe_detection_failure_temporal_bbox,full,ok,0.18422797425104573,0.09124027136575791,1.0
AlphaPose-MotionBERT,field_all_fb_38664,WallPlacement_00,8679,severe_detection_failure_temporal_bbox,full,ok,0.17543146121358147,0.043384555341500715,1.0
AlphaPose-MotionBERT,field_all_fb_40064,WallPlacement_00,10079,severe_detection_failure_temporal_bbox,full,ok,0.15737493915453754,0.20690636361032608,1.0
